Fecha,Hora,PM25
2018-01-01,23:00 - 0:00,30
2018-01-01,0:00 - 1:00,62
2018-01-01,1:00 - 2:00,45
2018-01-01,2:00 - 3:00,38
2018-01-01,3:00 - 4:00,16
2018-01-01,4:00 - 5:00,32
2018-01-01,5:00 - 6:00,27
2018-01-01,6:00 - 7:00,16
2018-01-01,7:00 - 8:00,14
2018-01-01,8:00 - 9:00,18
2018-01-01,9:00 - 10:00,15
2018-01-01,10:00 - 11:00,14
2018-01-01,11:00 - 12:00,12
2018-01-01,12:00 - 13:00,8
2018-01-01,13:00 - 14:00,13
2018-01-01,14:00 - 15:00,11
2018-01-01,15:00 - 16:00,10
2018-01-01,16:00 - 17:00,17
2018-01-01,17:00 - 18:00,20
2018-01-01,18:00 - 19:00,11
2018-01-01,19:00 - 20:00,18
2018-01-01,20:00 - 21:00,10
2018-01-01,21:00 - 22:00,25
2018-01-01,22:00 - 23:00,20
2018-01-02,23:00 - 0:00,8
2018-01-02,0:00 - 1:00,6
2018-01-02,1:00 - 2:00,7
2018-01-02,2:00 - 3:00,4
2018-01-02,3:00 - 4:00,2
2018-01-02,4:00 - 5:00,4
2018-01-02,5:00 - 6:00,10
2018-01-02,6:00 - 7:00,10
2018-01-02,7:00 - 8:00,12
2018-01-02,8:00 - 9:00,9
2018-01-02,9:00 - 10:00,13
2018-01-02,10:00 - 11:00,19
2018-01-02,11:00 - 12:00,20
2018-01-02,12:00 - 13:00,24
2018-01-02,13:00 - 14:00,24
2018-01-02,14:00 - 15:00,13
2018-01-02,15:00 - 16:00,18
2018-01-02,16:00 - 17:00,21
2018-01-02,17:00 - 18:00,21
2018-01-02,18:00 - 19:00,27
2018-01-02,19:00 - 20:00,20
2018-01-02,20:00 - 21:00,26
2018-01-02,21:00 - 22:00,26
2018-01-02,22:00 - 23:00,27
2018-01-03,23:00 - 0:00,28
2018-01-03,0:00 - 1:00,23
2018-01-03,1:00 - 2:00,16
2018-01-03,2:00 - 3:00,27
2018-01-03,3:00 - 4:00,28
2018-01-03,4:00 - 5:00,32
2018-01-03,5:00 - 6:00,27
2018-01-03,6:00 - 7:00,22
2018-01-03,7:00 - 8:00,11
2018-01-03,8:00 - 9:00,11
2018-01-03,9:00 - 10:00,21
2018-01-03,10:00 - 11:00,15
2018-01-03,11:00 - 12:00,5
2018-01-03,12:00 - 13:00,11
2018-01-03,13:00 - 14:00,16
2018-01-03,14:00 - 15:00,10
2018-01-03,15:00 - 16:00,10
2018-01-03,16:00 - 17:00,7
2018-01-03,17:00 - 18:00,5
2018-01-03,18:00 - 19:00,6
2018-01-03,19:00 - 20:00,12
2018-01-03,20:00 - 21:00,14
2018-01-03,21:00 - 22:00,10
2018-01-03,22:00 - 23:00,9
2018-01-04,23:00 - 0:00,6
2018-01-04,0:00 - 1:00,15
2018-01-04,1:00 - 2:00,16
2018-01-04,2:00 - 3:00,8
2018-01-04,3:00 - 4:00,13
2018-01-04,4:00 - 5:00,10
2018-01-04,5:00 - 6:00,13
2018-01-04,6:00 - 7:00,11
2018-01-04,7:00 - 8:00,16
2018-01-04,8:00 - 9:00,13
2018-01-04,9:00 - 10:00,19
2018-01-04,10:00 - 11:00,33
2018-01-04,11:00 - 12:00,26
2018-01-04,12:00 - 13:00,27
2018-01-04,13:00 - 14:00,25
2018-01-04,14:00 - 15:00,25
2018-01-04,15:00 - 16:00,22
2018-01-04,16:00 - 17:00,18
2018-01-04,17:00 - 18:00,16
2018-01-04,18:00 - 19:00,13
2018-01-04,19:00 - 20:00,15
2018-01-04,20:00 - 21:00,24
2018-01-04,21:00 - 22:00,24
2018-01-04,22:00 - 23:00,28
2018-01-05,23:00 - 0:00,48
2018-01-05,0:00 - 1:00,37
2018-01-05,1:00 - 2:00,26
2018-01-05,2:00 - 3:00,33
2018-01-05,3:00 - 4:00,31
2018-01-05,4:00 - 5:00,35
2018-01-05,5:00 - 6:00,20
2018-01-05,6:00 - 7:00,30
2018-01-05,7:00 - 8:00,30
2018-01-05,8:00 - 9:00,44
2018-01-05,9:00 - 10:00,47
2018-01-05,10:00 - 11:00,37
2018-01-05,11:00 - 12:00,46
2018-01-05,12:00 - 13:00,45
2018-01-05,13:00 - 14:00,29
2018-01-05,14:00 - 15:00,19
2018-01-05,15:00 - 16:00,16
2018-01-05,16:00 - 17:00,3
2018-01-05,17:00 - 18:00,10
2018-01-05,18:00 - 19:00,15
2018-01-05,19:00 - 20:00,10
2018-01-05,20:00 - 21:00,13
2018-01-05,21:00 - 22:00,19
2018-01-05,22:00 - 23:00,21
2018-01-06,23:00 - 0:00,19
2018-01-06,0:00 - 1:00,7
2018-01-06,1:00 - 2:00,13
2018-01-06,2:00 - 3:00,12
2018-01-06,3:00 - 4:00,9
2018-01-06,4:00 - 5:00,7
2018-01-06,5:00 - 6:00,9
2018-01-06,6:00 - 7:00,6
2018-01-06,7:00 - 8:00,4
2018-01-06,8:00 - 9:00,8
2018-01-06,9:00 - 10:00,10
2018-01-06,10:00 - 11:00,13
2018-01-06,11:00 - 12:00,15
2018-01-06,12:00 - 13:00,11
2018-01-06,13:00 - 14:00,17
2018-01-06,14:00 - 15:00,10
2018-01-06,15:00 - 16:00,8
2018-01-06,16:00 - 17:00,7
2018-01-06,17:00 - 18:00,6
2018-01-06,18:00 - 19:00,14
2018-01-06,19:00 - 20:00,9
2018-01-06,20:00 - 21:00,14
2018-01-06,21:00 - 22:00,22
2018-01-06,22:00 - 23:00,26
2018-01-07,23:00 - 0:00,9
2018-01-07,0:00 - 1:00,13
2018-01-07,1:00 - 2:00,12
2018-01-07,2:00 - 3:00,9
2018-01-07,3:00 - 4:00,8
2018-01-07,4:00 - 5:00,6
2018-01-07,5:00 - 6:00,21
2018-01-07,6:00 - 7:00,21
2018-01-07,7:00 - 8:00,19
2018-01-07,8:00 - 9:00,18
2018-01-07,9:00 - 10:00,22
2018-01-07,10:00 - 11:00,21
2018-01-07,11:00 - 12:00,25
2018-01-07,12:00 - 13:00,14
2018-01-07,13:00 - 14:00,14
2018-01-07,14:00 - 15:00,10
2018-01-07,15:00 - 16:00,7
2018-01-07,16:00 - 17:00,6
2018-01-07,17:00 - 18:00,10
2018-01-07,18:00 - 19:00,7
2018-01-07,19:00 - 20:00,10
2018-01-07,20:00 - 21:00,12
2018-01-07,21:00 - 22:00,17
2018-01-07,22:00 - 23:00,17
2018-01-08,23:00 - 0:00,12
2018-01-08,0:00 - 1:00,19
2018-01-08,1:00 - 2:00,17
2018-01-08,2:00 - 3:00,13
2018-01-08,3:00 - 4:00,21
2018-01-08,4:00 - 5:00,19
2018-01-08,5:00 - 6:00,18
2018-01-08,6:00 - 7:00,16
2018-01-08,7:00 - 8:00,17
2018-01-08,8:00 - 9:00,20
2018-01-08,9:00 - 10:00,22
2018-01-08,10:00 - 11:00,13
2018-01-08,11:00 - 12:00,9
2018-01-08,12:00 - 13:00,9
2018-01-08,13:00 - 14:00,8
2018-01-08,14:00 - 15:00,6
2018-01-08,15:00 - 16:00,4
2018-01-08,16:00 - 17:00,4
2018-01-08,17:00 - 18:00,5
2018-01-08,18:00 - 19:00,4
2018-01-08,19:00 - 20:00,12
2018-01-08,20:00 - 21:00,11
2018-01-08,21:00 - 22:00,19
2018-01-08,22:00 - 23:00,14
2018-01-09,23:00 - 0:00,9
2018-01-09,0:00 - 1:00,11
2018-01-09,1:00 - 2:00,16
2018-01-09,2:00 - 3:00,15
2018-01-09,3:00 - 4:00,9
2018-01-09,4:00 - 5:00,8
2018-01-09,5:00 - 6:00,8
2018-01-09,6:00 - 7:00,7
2018-01-09,7:00 - 8:00,4
2018-01-09,8:00 - 9:00,12
2018-01-09,9:00 - 10:00,19
2018-01-09,10:00 - 11:00,26
2018-01-09,11:00 - 12:00,12
2018-01-09,12:00 - 13:00,12
2018-01-09,13:00 - 14:00,14
2018-01-09,14:00 - 15:00,9
2018-01-09,15:00 - 16:00,18
2018-01-09,16:00 - 17:00,13
2018-01-09,17:00 - 18:00,12
2018-01-09,18:00 - 19:00,6
2018-01-09,19:00 - 20:00,3
2018-01-09,20:00 - 21:00,7
2018-01-09,21:00 - 22:00,32
2018-01-09,22:00 - 23:00,27
2018-01-10,23:00 - 0:00,68
2018-01-10,0:00 - 1:00,49
2018-01-10,1:00 - 2:00,55
2018-01-10,2:00 - 3:00,49
2018-01-10,3:00 - 4:00,54
2018-01-10,4:00 - 5:00,43
2018-01-10,5:00 - 6:00,48
2018-01-10,6:00 - 7:00,28
2018-01-10,7:00 - 8:00,29
2018-01-10,8:00 - 9:00,30
2018-01-10,9:00 - 10:00,39
2018-01-10,10:00 - 11:00,44
2018-01-10,11:00 - 12:00,47
2018-01-10,12:00 - 13:00,38
2018-01-10,13:00 - 14:00,18
2018-01-10,14:00 - 15:00,19
2018-01-10,15:00 - 16:00,12
2018-01-10,16:00 - 17:00,13
2018-01-10,17:00 - 18:00,13
2018-01-10,18:00 - 19:00,11
2018-01-10,19:00 - 20:00,11
2018-01-10,20:00 - 21:00,11
2018-01-10,21:00 - 22:00,16
2018-01-10,22:00 - 23:00,12
2018-01-11,23:00 - 0:00,19
2018-01-11,0:00 - 1:00,11
2018-01-11,1:00 - 2:00,13
2018-01-11,2:00 - 3:00,12
2018-01-11,3:00 - 4:00,10
2018-01-11,4:00 - 5:00,7
2018-01-11,5:00 - 6:00,5
2018-01-11,6:00 - 7:00,19
2018-01-11,7:00 - 8:00,19
2018-01-11,8:00 - 9:00,28
2018-01-11,9:00 - 10:00,31
2018-01-11,10:00 - 11:00,34
2018-01-11,11:00 - 12:00,18
2018-01-11,12:00 - 13:00,8
2018-01-11,13:00 - 14:00,5
2018-01-11,14:00 - 15:00,2
2018-01-11,15:00 - 16:00,9
2018-01-11,16:00 - 17:00,10
2018-01-11,17:00 - 18:00,10
2018-01-11,18:00 - 19:00,9
2018-01-11,19:00 - 20:00,9
2018-01-11,20:00 - 21:00,16
2018-01-11,21:00 - 22:00,14
2018-01-11,22:00 - 23:00,20
2018-01-12,23:00 - 0:00,21
2018-01-12,0:00 - 1:00,20
2018-01-12,1:00 - 2:00,9
2018-01-12,2:00 - 3:00,12
2018-01-12,3:00 - 4:00,10
2018-01-12,4:00 - 5:00,7
2018-01-12,5:00 - 6:00,6
2018-01-12,6:00 - 7:00,4
2018-01-12,7:00 - 8:00,2
2018-01-12,8:00 - 9:00,3
2018-01-12,9:00 - 10:00,7
2018-01-12,10:00 - 11:00,11
2018-01-12,11:00 - 12:00,10
2018-01-12,12:00 - 13:00,18
2018-01-12,13:00 - 14:00,6
2018-01-12,14:00 - 15:00,12
2018-01-12,15:00 - 16:00,18
2018-01-12,16:00 - 17:00,16
2018-01-12,17:00 - 18:00,15
2018-01-12,18:00 - 19:00,11
2018-01-12,19:00 - 20:00,8
2018-01-12,20:00 - 21:00,12
2018-01-12,21:00 - 22:00,23
2018-01-12,22:00 - 23:00,65
2018-01-13,23:00 - 0:00,84
2018-01-13,0:00 - 1:00,62
2018-01-13,1:00 - 2:00,58
2018-01-13,2:00 - 3:00,56
2018-01-13,3:00 - 4:00,49
2018-01-13,4:00 - 5:00,25
2018-01-13,5:00 - 6:00,30
2018-01-13,6:00 - 7:00,34
2018-01-13,7:00 - 8:00,32
2018-01-13,8:00 - 9:00,30
2018-01-13,9:00 - 10:00,22
2018-01-13,10:00 - 11:00,32
2018-01-13,11:00 - 12:00,32
2018-01-13,12:00 - 13:00,18
2018-01-13,13:00 - 14:00,25
2018-01-13,14:00 - 15:00,19
2018-01-13,15:00 - 16:00,14
2018-01-13,16:00 - 17:00,12
2018-01-13,17:00 - 18:00,8
2018-01-13,18:00 - 19:00,9
2018-01-13,19:00 - 20:00,10
2018-01-13,20:00 - 21:00,18
2018-01-13,21:00 - 22:00,12
2018-01-13,22:00 - 23:00,12
2018-01-14,23:00 - 0:00,16
2018-01-14,0:00 - 1:00,7
2018-01-14,1:00 - 2:00,11
2018-01-14,2:00 - 3:00,12
2018-01-14,3:00 - 4:00,10
2018-01-14,4:00 - 5:00,11
2018-01-14,5:00 - 6:00,9
2018-01-14,6:00 - 7:00,12
2018-01-14,7:00 - 8:00,10
2018-01-14,8:00 - 9:00,11
2018-01-14,9:00 - 10:00,10
2018-01-14,10:00 - 11:00,9
2018-01-14,11:00 - 12:00,12
2018-01-14,12:00 - 13:00,13
2018-01-14,13:00 - 14:00,15
2018-01-14,14:00 - 15:00,11
2018-01-14,15:00 - 16:00,14
2018-01-14,16:00 - 17:00,8
2018-01-14,17:00 - 18:00,4
2018-01-14,18:00 - 19:00,7
2018-01-14,19:00 - 20:00,8
2018-01-14,20:00 - 21:00,4
2018-01-14,21:00 - 22:00,17
2018-01-14,22:00 - 23:00,7
2018-01-15,23:00 - 0:00,8
2018-01-15,0:00 - 1:00,7
2018-01-15,1:00 - 2:00,9
2018-01-15,2:00 - 3:00,6
2018-01-15,3:00 - 4:00,1
2018-01-15,4:00 - 5:00,3
2018-01-15,5:00 - 6:00,4
2018-01-15,6:00 - 7:00,3
2018-01-15,7:00 - 8:00,6
2018-01-15,8:00 - 9:00,8
2018-01-15,9:00 - 10:00,20
2018-01-15,10:00 - 11:00,16
2018-01-15,11:00 - 12:00,4
2018-01-15,12:00 - 13:00,11
2018-01-15,13:00 - 14:00,8
2018-01-15,14:00 - 15:00,9
2018-01-15,15:00 - 16:00,6
2018-01-15,16:00 - 17:00,2
2018-01-15,17:00 - 18:00,2
2018-01-15,18:00 - 19:00,10
2018-01-15,19:00 - 20:00,10
2018-01-15,20:00 - 21:00,17
2018-01-15,21:00 - 22:00,26
2018-01-15,22:00 - 23:00,40
2018-01-16,23:00 - 0:00,36
2018-01-16,0:00 - 1:00,14
2018-01-16,1:00 - 2:00,33
2018-01-16,2:00 - 3:00,15
2018-01-16,3:00 - 4:00,9
2018-01-16,4:00 - 5:00,13
2018-01-16,5:00 - 6:00,16
2018-01-16,6:00 - 7:00,20
2018-01-16,7:00 - 8:00,30
2018-01-16,8:00 - 9:00,22
2018-01-16,9:00 - 10:00,30
2018-01-16,10:00 - 11:00,47
2018-01-16,11:00 - 12:00,37
2018-01-16,12:00 - 13:00,38
2018-01-16,13:00 - 14:00,16
2018-01-16,14:00 - 15:00,10
2018-01-16,15:00 - 16:00,8
2018-01-16,16:00 - 17:00,9
2018-01-16,17:00 - 18:00,7
2018-01-16,18:00 - 19:00,9
2018-01-16,19:00 - 20:00,7
2018-01-16,20:00 - 21:00,9
2018-01-16,21:00 - 22:00,8
2018-01-16,22:00 - 23:00,7
2018-01-17,23:00 - 0:00,12
2018-01-17,0:00 - 1:00,15
2018-01-17,1:00 - 2:00,10
2018-01-17,2:00 - 3:00,14
2018-01-17,3:00 - 4:00,19
2018-01-17,4:00 - 5:00,9
2018-01-17,5:00 - 6:00,9
2018-01-17,6:00 - 7:00,8
2018-01-17,7:00 - 8:00,10
2018-01-17,8:00 - 9:00,18
2018-01-17,9:00 - 10:00,25
2018-01-17,10:00 - 11:00,11
2018-01-17,11:00 - 12:00,20
2018-01-17,12:00 - 13:00,17
2018-01-17,13:00 - 14:00,14
2018-01-17,14:00 - 15:00,19
2018-01-17,15:00 - 16:00,21
2018-01-17,16:00 - 17:00,12
2018-01-17,17:00 - 18:00,16
2018-01-17,18:00 - 19:00,14
2018-01-17,19:00 - 20:00,15
2018-01-17,20:00 - 21:00,27
2018-01-17,21:00 - 22:00,33
2018-01-17,22:00 - 23:00,40
2018-01-18,23:00 - 0:00,31
2018-01-18,0:00 - 1:00,24
2018-01-18,1:00 - 2:00,11
2018-01-18,2:00 - 3:00,8
2018-01-18,3:00 - 4:00,9
2018-01-18,4:00 - 5:00,12
2018-01-18,5:00 - 6:00,16
2018-01-18,6:00 - 7:00,14
2018-01-18,7:00 - 8:00,11
2018-01-18,8:00 - 9:00,13
2018-01-18,9:00 - 10:00,17
2018-01-18,10:00 - 11:00,20
2018-01-18,11:00 - 12:00,22
2018-01-18,12:00 - 13:00,21
2018-01-18,13:00 - 14:00,18
2018-01-18,14:00 - 15:00,23
2018-01-18,15:00 - 16:00,19
2018-01-18,16:00 - 17:00,14
2018-01-18,17:00 - 18:00,14
2018-01-18,18:00 - 19:00,14
2018-01-18,19:00 - 20:00,13
2018-01-18,20:00 - 21:00,14
2018-01-18,21:00 - 22:00,29
2018-01-18,22:00 - 23:00,24
2018-01-19,23:00 - 0:00,22
2018-01-19,0:00 - 1:00,24
2018-01-19,1:00 - 2:00,24
2018-01-19,2:00 - 3:00,15
2018-01-19,3:00 - 4:00,20
2018-01-19,4:00 - 5:00,21
2018-01-19,5:00 - 6:00,15
2018-01-19,6:00 - 7:00,13
2018-01-19,7:00 - 8:00,14
2018-01-19,8:00 - 9:00,14
2018-01-19,9:00 - 10:00,12
2018-01-19,10:00 - 11:00,24
2018-01-19,11:00 - 12:00,23
2018-01-19,12:00 - 13:00,26
2018-01-19,13:00 - 14:00,24
2018-01-19,14:00 - 15:00,9
2018-01-19,15:00 - 16:00,5
2018-01-19,16:00 - 17:00,5
2018-01-19,17:00 - 18:00,5
2018-01-19,18:00 - 19:00,0
2018-01-19,19:00 - 20:00,10
2018-01-19,20:00 - 21:00,10
2018-01-19,21:00 - 22:00,12
2018-01-19,22:00 - 23:00,11
2018-01-20,23:00 - 0:00,21
2018-01-20,0:00 - 1:00,25
2018-01-20,1:00 - 2:00,49
2018-01-20,2:00 - 3:00,32
2018-01-20,3:00 - 4:00,19
2018-01-20,4:00 - 5:00,21
2018-01-20,5:00 - 6:00,22
2018-01-20,6:00 - 7:00,28
2018-01-20,7:00 - 8:00,35
2018-01-20,8:00 - 9:00,13
2018-01-20,9:00 - 10:00,19
2018-01-20,10:00 - 11:00,30
2018-01-20,11:00 - 12:00,41
2018-01-20,12:00 - 13:00,17
2018-01-20,13:00 - 14:00,14
2018-01-20,14:00 - 15:00,7
2018-01-20,15:00 - 16:00,4
2018-01-20,16:00 - 17:00,4
2018-01-20,17:00 - 18:00,3
2018-01-20,18:00 - 19:00,2
2018-01-20,19:00 - 20:00,3
2018-01-20,20:00 - 21:00,6
2018-01-20,21:00 - 22:00,15
2018-01-20,22:00 - 23:00,10
2018-01-21,23:00 - 0:00,11
2018-01-21,0:00 - 1:00,15
2018-01-21,1:00 - 2:00,22
2018-01-21,2:00 - 3:00,31
2018-01-21,3:00 - 4:00,26
2018-01-21,4:00 - 5:00,20
2018-01-21,5:00 - 6:00,18
2018-01-21,6:00 - 7:00,16
2018-01-21,7:00 - 8:00,13
2018-01-21,8:00 - 9:00,20
2018-01-21,9:00 - 10:00,26
2018-01-21,10:00 - 11:00,22
2018-01-21,11:00 - 12:00,32
2018-01-21,12:00 - 13:00,22
2018-01-21,13:00 - 14:00,10
2018-01-21,14:00 - 15:00,6
2018-01-21,15:00 - 16:00,2
2018-01-21,16:00 - 17:00,1
2018-01-21,17:00 - 18:00,0
2018-01-21,18:00 - 19:00,-3
2018-01-21,19:00 - 20:00,-5
2018-01-21,20:00 - 21:00,1
2018-01-21,21:00 - 22:00,3
2018-01-21,22:00 - 23:00,4
2018-01-22,23:00 - 0:00,13
2018-01-22,0:00 - 1:00,11
2018-01-22,1:00 - 2:00,11
2018-01-22,2:00 - 3:00,13
2018-01-22,3:00 - 4:00,10
2018-01-22,4:00 - 5:00,6
2018-01-22,5:00 - 6:00,18
2018-01-22,6:00 - 7:00,15
2018-01-22,7:00 - 8:00,12
2018-01-22,8:00 - 9:00,19
2018-01-22,9:00 - 10:00,21
2018-01-22,10:00 - 11:00,29
2018-01-22,11:00 - 12:00,32
2018-01-22,12:00 - 13:00,10
2018-01-22,13:00 - 14:00,11
2018-01-22,14:00 - 15:00,8
2018-01-22,15:00 - 16:00,5
2018-01-22,16:00 - 17:00,9
2018-01-22,17:00 - 18:00,12
2018-01-22,18:00 - 19:00,14
2018-01-22,19:00 - 20:00,11
2018-01-22,20:00 - 21:00,11
2018-01-22,21:00 - 22:00,25
2018-01-22,22:00 - 23:00,21
2018-01-23,23:00 - 0:00,41
2018-01-23,0:00 - 1:00,42
2018-01-23,1:00 - 2:00,39
2018-01-23,2:00 - 3:00,37
2018-01-23,3:00 - 4:00,55
2018-01-23,4:00 - 5:00,46
2018-01-23,5:00 - 6:00,25
2018-01-23,6:00 - 7:00,20
2018-01-23,7:00 - 8:00,26
2018-01-23,8:00 - 9:00,28
2018-01-23,9:00 - 10:00,29
2018-01-23,10:00 - 11:00,38
2018-01-23,11:00 - 12:00,30
2018-01-23,12:00 - 13:00,35
2018-01-23,13:00 - 14:00,25
2018-01-23,14:00 - 15:00,15
2018-01-23,15:00 - 16:00,11
2018-01-23,16:00 - 17:00,8
2018-01-23,17:00 - 18:00,5
2018-01-23,18:00 - 19:00,4
2018-01-23,19:00 - 20:00,4
2018-01-23,20:00 - 21:00,12
2018-01-23,21:00 - 22:00,9
2018-01-23,22:00 - 23:00,0
2018-01-24,23:00 - 0:00,0
2018-01-24,0:00 - 1:00,0
2018-01-24,1:00 - 2:00,0
2018-01-24,2:00 - 3:00,0
2018-01-24,3:00 - 4:00,0
2018-01-24,4:00 - 5:00,0
2018-01-24,5:00 - 6:00,0
2018-01-24,6:00 - 7:00,0
2018-01-24,7:00 - 8:00,0
2018-01-24,8:00 - 9:00,0
2018-01-24,9:00 - 10:00,0
2018-01-24,10:00 - 11:00,0
2018-01-24,11:00 - 12:00,0
2018-01-24,12:00 - 13:00,0
2018-01-24,13:00 - 14:00,0
2018-01-24,14:00 - 15:00,0
2018-01-24,15:00 - 16:00,0
2018-01-24,16:00 - 17:00,0
2018-01-24,17:00 - 18:00,0
2018-01-24,18:00 - 19:00,0
2018-01-24,19:00 - 20:00,0
2018-01-24,20:00 - 21:00,0
2018-01-24,21:00 - 22:00,0
2018-01-24,22:00 - 23:00,0
2018-01-25,23:00 - 0:00,0
2018-01-25,0:00 - 1:00,0
2018-01-25,1:00 - 2:00,0
2018-01-25,2:00 - 3:00,0
2018-01-25,3:00 - 4:00,0
2018-01-25,4:00 - 5:00,0
2018-01-25,5:00 - 6:00,0
2018-01-25,6:00 - 7:00,0
2018-01-25,7:00 - 8:00,0
2018-01-25,8:00 - 9:00,0
2018-01-25,9:00 - 10:00,0
2018-01-25,10:00 - 11:00,0
2018-01-25,11:00 - 12:00,0
2018-01-25,12:00 - 13:00,0
2018-01-25,13:00 - 14:00,0
2018-01-25,14:00 - 15:00,0
2018-01-25,15:00 - 16:00,0
2018-01-25,16:00 - 17:00,0
2018-01-25,17:00 - 18:00,0
2018-01-25,18:00 - 19:00,0
2018-01-25,19:00 - 20:00,0
2018-01-25,20:00 - 21:00,0
2018-01-25,21:00 - 22:00,0
2018-01-25,22:00 - 23:00,0
2018-01-26,23:00 - 0:00,0
2018-01-26,0:00 - 1:00,0
2018-01-26,1:00 - 2:00,0
2018-01-26,2:00 - 3:00,0
2018-01-26,3:00 - 4:00,0
2018-01-26,4:00 - 5:00,0
2018-01-26,5:00 - 6:00,0
2018-01-26,6:00 - 7:00,0
2018-01-26,7:00 - 8:00,0
2018-01-26,8:00 - 9:00,0
2018-01-26,9:00 - 10:00,0
2018-01-26,10:00 - 11:00,0
2018-01-26,11:00 - 12:00,0
2018-01-26,12:00 - 13:00,0
2018-01-26,13:00 - 14:00,0
2018-01-26,14:00 - 15:00,0
2018-01-26,15:00 - 16:00,0
2018-01-26,16:00 - 17:00,0
2018-01-26,17:00 - 18:00,0
2018-01-26,18:00 - 19:00,0
2018-01-26,19:00 - 20:00,0
2018-01-26,20:00 - 21:00,0
2018-01-26,21:00 - 22:00,0
2018-01-26,22:00 - 23:00,0
2018-01-27,23:00 - 0:00,0
2018-01-27,0:00 - 1:00,0
2018-01-27,1:00 - 2:00,0
2018-01-27,2:00 - 3:00,0
2018-01-27,3:00 - 4:00,0
2018-01-27,4:00 - 5:00,0
2018-01-27,5:00 - 6:00,0
2018-01-27,6:00 - 7:00,0
2018-01-27,7:00 - 8:00,0
2018-01-27,8:00 - 9:00,0
2018-01-27,9:00 - 10:00,0
2018-01-27,10:00 - 11:00,0
2018-01-27,11:00 - 12:00,0
2018-01-27,12:00 - 13:00,0
2018-01-27,13:00 - 14:00,0
2018-01-27,14:00 - 15:00,0
2018-01-27,15:00 - 16:00,0
2018-01-27,16:00 - 17:00,0
2018-01-27,17:00 - 18:00,0
2018-01-27,18:00 - 19:00,0
2018-01-27,19:00 - 20:00,0
2018-01-27,20:00 - 21:00,0
2018-01-27,21:00 - 22:00,0
2018-01-27,22:00 - 23:00,0
2018-01-28,23:00 - 0:00,0
2018-01-28,0:00 - 1:00,0
2018-01-28,1:00 - 2:00,0
2018-01-28,2:00 - 3:00,0
2018-01-28,3:00 - 4:00,0
2018-01-28,4:00 - 5:00,0
2018-01-28,5:00 - 6:00,0
2018-01-28,6:00 - 7:00,0
2018-01-28,7:00 - 8:00,0
2018-01-28,8:00 - 9:00,0
2018-01-28,9:00 - 10:00,0
2018-01-28,10:00 - 11:00,0
2018-01-28,11:00 - 12:00,0
2018-01-28,12:00 - 13:00,0
2018-01-28,13:00 - 14:00,0
2018-01-28,14:00 - 15:00,0
2018-01-28,15:00 - 16:00,0
2018-01-28,16:00 - 17:00,0
2018-01-28,17:00 - 18:00,0
2018-01-28,18:00 - 19:00,0
2018-01-28,19:00 - 20:00,0
2018-01-28,20:00 - 21:00,0
2018-01-28,21:00 - 22:00,0
2018-01-28,22:00 - 23:00,0
2018-01-29,23:00 - 0:00,0
2018-01-29,0:00 - 1:00,0
2018-01-29,1:00 - 2:00,0
2018-01-29,2:00 - 3:00,0
2018-01-29,3:00 - 4:00,0
2018-01-29,4:00 - 5:00,0
2018-01-29,5:00 - 6:00,0
2018-01-29,6:00 - 7:00,0
2018-01-29,7:00 - 8:00,0
2018-01-29,8:00 - 9:00,0
2018-01-29,9:00 - 10:00,0
2018-01-29,10:00 - 11:00,0
2018-01-29,11:00 - 12:00,0
2018-01-29,12:00 - 13:00,0
2018-01-29,13:00 - 14:00,0
2018-01-29,14:00 - 15:00,0
2018-01-29,15:00 - 16:00,0
2018-01-29,16:00 - 17:00,0
2018-01-29,17:00 - 18:00,0
2018-01-29,18:00 - 19:00,0
2018-01-29,19:00 - 20:00,0
2018-01-29,20:00 - 21:00,0
2018-01-29,21:00 - 22:00,0
2018-01-29,22:00 - 23:00,0
2018-01-30,23:00 - 0:00,0
2018-01-30,0:00 - 1:00,0
2018-01-30,1:00 - 2:00,0
2018-01-30,2:00 - 3:00,0
2018-01-30,3:00 - 4:00,0
2018-01-30,4:00 - 5:00,0
2018-01-30,5:00 - 6:00,0
2018-01-30,6:00 - 7:00,0
2018-01-30,7:00 - 8:00,0
2018-01-30,8:00 - 9:00,0
2018-01-30,9:00 - 10:00,0
2018-01-30,10:00 - 11:00,0
2018-01-30,11:00 - 12:00,0
2018-01-30,12:00 - 13:00,0
2018-01-30,13:00 - 14:00,0
2018-01-30,14:00 - 15:00,0
2018-01-30,15:00 - 16:00,0
2018-01-30,16:00 - 17:00,0
2018-01-30,17:00 - 18:00,0
2018-01-30,18:00 - 19:00,0
2018-01-30,19:00 - 20:00,0
2018-01-30,20:00 - 21:00,0
2018-01-30,21:00 - 22:00,0
2018-01-30,22:00 - 23:00,0
2018-01-31,23:00 - 0:00,0
2018-01-31,0:00 - 1:00,0
2018-01-31,1:00 - 2:00,0
2018-01-31,2:00 - 3:00,0
2018-01-31,3:00 - 4:00,0
2018-01-31,4:00 - 5:00,0
2018-01-31,5:00 - 6:00,0
2018-01-31,6:00 - 7:00,0
2018-01-31,7:00 - 8:00,0
2018-01-31,8:00 - 9:00,0
2018-01-31,9:00 - 10:00,0
2018-01-31,10:00 - 11:00,0
2018-01-31,11:00 - 12:00,0
2018-01-31,12:00 - 13:00,0
2018-01-31,13:00 - 14:00,0
2018-01-31,14:00 - 15:00,0
2018-01-31,15:00 - 16:00,0
2018-01-31,16:00 - 17:00,23
2018-01-31,17:00 - 18:00,5
2018-01-31,18:00 - 19:00,20
2018-01-31,19:00 - 20:00,8
2018-01-31,20:00 - 21:00,8
2018-01-31,21:00 - 22:00,15
2018-01-31,22:00 - 23:00,17
2018-02-01,23:00 - 0:00,18
2018-02-01,0:00 - 1:00,33
2018-02-01,1:00 - 2:00,19
2018-02-01,2:00 - 3:00,17
2018-02-01,3:00 - 4:00,17
2018-02-01,4:00 - 5:00,20
2018-02-01,5:00 - 6:00,19
2018-02-01,6:00 - 7:00,22
2018-02-01,7:00 - 8:00,19
2018-02-01,8:00 - 9:00,22
2018-02-01,9:00 - 10:00,31
2018-02-01,10:00 - 11:00,44
2018-02-01,11:00 - 12:00,31
2018-02-01,12:00 - 13:00,17
2018-02-01,13:00 - 14:00,14
2018-02-01,14:00 - 15:00,8
2018-02-01,15:00 - 16:00,6
2018-02-01,16:00 - 17:00,5
2018-02-01,17:00 - 18:00,3
2018-02-01,18:00 - 19:00,6
2018-02-01,19:00 - 20:00,6
2018-02-01,20:00 - 21:00,8
2018-02-01,21:00 - 22:00,7
2018-02-01,22:00 - 23:00,6
2018-02-01,23:00 - 0:00,18
2018-02-01,0:00 - 1:00,33
2018-02-01,1:00 - 2:00,19
2018-02-01,2:00 - 3:00,17
2018-02-01,3:00 - 4:00,17
2018-02-01,4:00 - 5:00,20
2018-02-01,5:00 - 6:00,19
2018-02-01,6:00 - 7:00,22
2018-02-01,7:00 - 8:00,19
2018-02-01,8:00 - 9:00,22
2018-02-01,9:00 - 10:00,31
2018-02-01,10:00 - 11:00,44
2018-02-01,11:00 - 12:00,31
2018-02-01,12:00 - 13:00,17
2018-02-01,13:00 - 14:00,14
2018-02-01,14:00 - 15:00,8
2018-02-01,15:00 - 16:00,6
2018-02-01,16:00 - 17:00,5
2018-02-01,17:00 - 18:00,3
2018-02-01,18:00 - 19:00,6
2018-02-01,19:00 - 20:00,6
2018-02-01,20:00 - 21:00,8
2018-02-01,21:00 - 22:00,7
2018-02-01,22:00 - 23:00,6
2018-02-02,23:00 - 0:00,8
2018-02-02,0:00 - 1:00,19
2018-02-02,1:00 - 2:00,10
2018-02-02,2:00 - 3:00,12
2018-02-02,3:00 - 4:00,9
2018-02-02,4:00 - 5:00,4
2018-02-02,5:00 - 6:00,5
2018-02-02,6:00 - 7:00,9
2018-02-02,7:00 - 8:00,10
2018-02-02,8:00 - 9:00,14
2018-02-02,9:00 - 10:00,11
2018-02-02,10:00 - 11:00,8
2018-02-02,11:00 - 12:00,10
2018-02-02,12:00 - 13:00,10
2018-02-02,13:00 - 14:00,8
2018-02-02,14:00 - 15:00,2
2018-02-02,15:00 - 16:00,10
2018-02-02,16:00 - 17:00,11
2018-02-02,17:00 - 18:00,7
2018-02-02,18:00 - 19:00,5
2018-02-02,19:00 - 20:00,2
2018-02-02,20:00 - 21:00,6
2018-02-02,21:00 - 22:00,31
2018-02-02,22:00 - 23:00,9
2018-02-03,23:00 - 0:00,9
2018-02-03,0:00 - 1:00,12
2018-02-03,1:00 - 2:00,20
2018-02-03,2:00 - 3:00,11
2018-02-03,3:00 - 4:00,17
2018-02-03,4:00 - 5:00,19
2018-02-03,5:00 - 6:00,18
2018-02-03,6:00 - 7:00,20
2018-02-03,7:00 - 8:00,13
2018-02-03,8:00 - 9:00,19
2018-02-03,9:00 - 10:00,23
2018-02-03,10:00 - 11:00,25
2018-02-03,11:00 - 12:00,27
2018-02-03,12:00 - 13:00,24
2018-02-03,13:00 - 14:00,24
2018-02-03,14:00 - 15:00,18
2018-02-03,15:00 - 16:00,18
2018-02-03,16:00 - 17:00,15
2018-02-03,17:00 - 18:00,13
2018-02-03,18:00 - 19:00,12
2018-02-03,19:00 - 20:00,20
2018-02-03,20:00 - 21:00,15
2018-02-03,21:00 - 22:00,14
2018-02-03,22:00 - 23:00,13
2018-02-04,23:00 - 0:00,12
2018-02-04,0:00 - 1:00,14
2018-02-04,1:00 - 2:00,20
2018-02-04,2:00 - 3:00,14
2018-02-04,3:00 - 4:00,8
2018-02-04,4:00 - 5:00,5
2018-02-04,5:00 - 6:00,9
2018-02-04,6:00 - 7:00,11
2018-02-04,7:00 - 8:00,13
2018-02-04,8:00 - 9:00,12
2018-02-04,9:00 - 10:00,20
2018-02-04,10:00 - 11:00,24
2018-02-04,11:00 - 12:00,10
2018-02-04,12:00 - 13:00,7
2018-02-04,13:00 - 14:00,4
2018-02-04,14:00 - 15:00,2
2018-02-04,15:00 - 16:00,0
2018-02-04,16:00 - 17:00,-19
2018-02-04,17:00 - 18:00,2
2018-02-04,18:00 - 19:00,7
2018-02-04,19:00 - 20:00,6
2018-02-04,20:00 - 21:00,3
2018-02-04,21:00 - 22:00,15
2018-02-04,22:00 - 23:00,18
2018-02-05,23:00 - 0:00,12
2018-02-05,0:00 - 1:00,8
2018-02-05,1:00 - 2:00,10
2018-02-05,2:00 - 3:00,10
2018-02-05,3:00 - 4:00,6
2018-02-05,4:00 - 5:00,2
2018-02-05,5:00 - 6:00,2
2018-02-05,6:00 - 7:00,2
2018-02-05,7:00 - 8:00,4
2018-02-05,8:00 - 9:00,7
2018-02-05,9:00 - 10:00,5
2018-02-05,10:00 - 11:00,8
2018-02-05,11:00 - 12:00,13
2018-02-05,12:00 - 13:00,11
2018-02-05,13:00 - 14:00,10
2018-02-05,14:00 - 15:00,9
2018-02-05,15:00 - 16:00,7
2018-02-05,16:00 - 17:00,10
2018-02-05,17:00 - 18:00,9
2018-02-05,18:00 - 19:00,9
2018-02-05,19:00 - 20:00,5
2018-02-05,20:00 - 21:00,16
2018-02-05,21:00 - 22:00,15
2018-02-05,22:00 - 23:00,18
2018-02-06,23:00 - 0:00,18
2018-02-06,0:00 - 1:00,13
2018-02-06,1:00 - 2:00,11
2018-02-06,2:00 - 3:00,26
2018-02-06,3:00 - 4:00,34
2018-02-06,4:00 - 5:00,27
2018-02-06,5:00 - 6:00,28
2018-02-06,6:00 - 7:00,24
2018-02-06,7:00 - 8:00,18
2018-02-06,8:00 - 9:00,23
2018-02-06,9:00 - 10:00,36
2018-02-06,10:00 - 11:00,40
2018-02-06,11:00 - 12:00,38
2018-02-06,12:00 - 13:00,24
2018-02-06,13:00 - 14:00,19
2018-02-06,14:00 - 15:00,13
2018-02-06,15:00 - 16:00,19
2018-02-06,16:00 - 17:00,14
2018-02-06,17:00 - 18:00,9
2018-02-06,18:00 - 19:00,6
2018-02-06,19:00 - 20:00,19
2018-02-06,20:00 - 21:00,15
2018-02-06,21:00 - 22:00,17
2018-02-06,22:00 - 23:00,26
2018-02-07,23:00 - 0:00,20
2018-02-07,0:00 - 1:00,20
2018-02-07,1:00 - 2:00,29
2018-02-07,2:00 - 3:00,20
2018-02-07,3:00 - 4:00,20
2018-02-07,4:00 - 5:00,17
2018-02-07,5:00 - 6:00,24
2018-02-07,6:00 - 7:00,11
2018-02-07,7:00 - 8:00,14
2018-02-07,8:00 - 9:00,14
2018-02-07,9:00 - 10:00,28
2018-02-07,10:00 - 11:00,15
2018-02-07,11:00 - 12:00,14
2018-02-07,12:00 - 13:00,14
2018-02-07,13:00 - 14:00,9
2018-02-07,14:00 - 15:00,3
2018-02-07,15:00 - 16:00,2
2018-02-07,16:00 - 17:00,7
2018-02-07,17:00 - 18:00,9
2018-02-07,18:00 - 19:00,7
2018-02-07,19:00 - 20:00,4
2018-02-07,20:00 - 21:00,12
2018-02-07,21:00 - 22:00,34
2018-02-07,22:00 - 23:00,29
2018-02-08,23:00 - 0:00,12
2018-02-08,0:00 - 1:00,10
2018-02-08,1:00 - 2:00,7
2018-02-08,2:00 - 3:00,14
2018-02-08,3:00 - 4:00,23
2018-02-08,4:00 - 5:00,19
2018-02-08,5:00 - 6:00,18
2018-02-08,6:00 - 7:00,22
2018-02-08,7:00 - 8:00,20
2018-02-08,8:00 - 9:00,23
2018-02-08,9:00 - 10:00,17
2018-02-08,10:00 - 11:00,21
2018-02-08,11:00 - 12:00,17
2018-02-08,12:00 - 13:00,17
2018-02-08,13:00 - 14:00,10
2018-02-08,14:00 - 15:00,5
2018-02-08,15:00 - 16:00,1
2018-02-08,16:00 - 17:00,4
2018-02-08,17:00 - 18:00,8
2018-02-08,18:00 - 19:00,8
2018-02-08,19:00 - 20:00,6
2018-02-08,20:00 - 21:00,13
2018-02-08,21:00 - 22:00,16
2018-02-08,22:00 - 23:00,13
2018-02-09,23:00 - 0:00,10
2018-02-09,0:00 - 1:00,9
2018-02-09,1:00 - 2:00,5
2018-02-09,2:00 - 3:00,4
2018-02-09,3:00 - 4:00,9
2018-02-09,4:00 - 5:00,7
2018-02-09,5:00 - 6:00,8
2018-02-09,6:00 - 7:00,7
2018-02-09,7:00 - 8:00,7
2018-02-09,8:00 - 9:00,10
2018-02-09,9:00 - 10:00,6
2018-02-09,10:00 - 11:00,3
2018-02-09,11:00 - 12:00,16
2018-02-09,12:00 - 13:00,6
2018-02-09,13:00 - 14:00,4
2018-02-09,14:00 - 15:00,1
2018-02-09,15:00 - 16:00,4
2018-02-09,16:00 - 17:00,8
2018-02-09,17:00 - 18:00,9
2018-02-09,18:00 - 19:00,7
2018-02-09,19:00 - 20:00,4
2018-02-09,20:00 - 21:00,15
2018-02-09,21:00 - 22:00,10
2018-02-09,22:00 - 23:00,10
2018-02-10,23:00 - 0:00,8
2018-02-10,0:00 - 1:00,7
2018-02-10,1:00 - 2:00,4
2018-02-10,2:00 - 3:00,3
2018-02-10,3:00 - 4:00,4
2018-02-10,4:00 - 5:00,7
2018-02-10,5:00 - 6:00,9
2018-02-10,6:00 - 7:00,7
2018-02-10,7:00 - 8:00,5
2018-02-10,8:00 - 9:00,6
2018-02-10,9:00 - 10:00,3
2018-02-10,10:00 - 11:00,4
2018-02-10,11:00 - 12:00,9
2018-02-10,12:00 - 13:00,8
2018-02-10,13:00 - 14:00,4
2018-02-10,14:00 - 15:00,3
2018-02-10,15:00 - 16:00,4
2018-02-10,16:00 - 17:00,3
2018-02-10,17:00 - 18:00,2
2018-02-10,18:00 - 19:00,7
2018-02-10,19:00 - 20:00,6
2018-02-10,20:00 - 21:00,2
2018-02-10,21:00 - 22:00,9
2018-02-10,22:00 - 23:00,12
2018-02-11,23:00 - 0:00,8
2018-02-11,0:00 - 1:00,17
2018-02-11,1:00 - 2:00,30
2018-02-11,2:00 - 3:00,40
2018-02-11,3:00 - 4:00,43
2018-02-11,4:00 - 5:00,27
2018-02-11,5:00 - 6:00,16
2018-02-11,6:00 - 7:00,24
2018-02-11,7:00 - 8:00,11
2018-02-11,8:00 - 9:00,12
2018-02-11,9:00 - 10:00,26
2018-02-11,10:00 - 11:00,28
2018-02-11,11:00 - 12:00,30
2018-02-11,12:00 - 13:00,20
2018-02-11,13:00 - 14:00,7
2018-02-11,14:00 - 15:00,3
2018-02-11,15:00 - 16:00,-2
2018-02-11,16:00 - 17:00,3
2018-02-11,17:00 - 18:00,4
2018-02-11,18:00 - 19:00,2
2018-02-11,19:00 - 20:00,3
2018-02-11,20:00 - 21:00,4
2018-02-11,21:00 - 22:00,5
2018-02-11,22:00 - 23:00,10
2018-02-12,23:00 - 0:00,6
2018-02-12,0:00 - 1:00,4
2018-02-12,1:00 - 2:00,9
2018-02-12,2:00 - 3:00,19
2018-02-12,3:00 - 4:00,13
2018-02-12,4:00 - 5:00,10
2018-02-12,5:00 - 6:00,21
2018-02-12,6:00 - 7:00,15
2018-02-12,7:00 - 8:00,18
2018-02-12,8:00 - 9:00,16
2018-02-12,9:00 - 10:00,21
2018-02-12,10:00 - 11:00,31
2018-02-12,11:00 - 12:00,26
2018-02-12,12:00 - 13:00,26
2018-02-12,13:00 - 14:00,9
2018-02-12,14:00 - 15:00,8
2018-02-12,15:00 - 16:00,4
2018-02-12,16:00 - 17:00,2
2018-02-12,17:00 - 18:00,3
2018-02-12,18:00 - 19:00,21
2018-02-12,19:00 - 20:00,6
2018-02-12,20:00 - 21:00,4
2018-02-12,21:00 - 22:00,5
2018-02-12,22:00 - 23:00,21
2018-02-13,23:00 - 0:00,13
2018-02-13,0:00 - 1:00,8
2018-02-13,1:00 - 2:00,9
2018-02-13,2:00 - 3:00,15
2018-02-13,3:00 - 4:00,12
2018-02-13,4:00 - 5:00,10
2018-02-13,5:00 - 6:00,11
2018-02-13,6:00 - 7:00,13
2018-02-13,7:00 - 8:00,11
2018-02-13,8:00 - 9:00,16
2018-02-13,9:00 - 10:00,10
2018-02-13,10:00 - 11:00,19
2018-02-13,11:00 - 12:00,20
2018-02-13,12:00 - 13:00,8
2018-02-13,13:00 - 14:00,14
2018-02-13,14:00 - 15:00,10
2018-02-13,15:00 - 16:00,6
2018-02-13,16:00 - 17:00,8
2018-02-13,17:00 - 18:00,10
2018-02-13,18:00 - 19:00,14
2018-02-13,19:00 - 20:00,10
2018-02-13,20:00 - 21:00,10
2018-02-13,21:00 - 22:00,10
2018-02-13,22:00 - 23:00,7
2018-02-14,23:00 - 0:00,4
2018-02-14,0:00 - 1:00,3
2018-02-14,1:00 - 2:00,3
2018-02-14,2:00 - 3:00,6
2018-02-14,3:00 - 4:00,9
2018-02-14,4:00 - 5:00,6
2018-02-14,5:00 - 6:00,5
2018-02-14,6:00 - 7:00,6
2018-02-14,7:00 - 8:00,8
2018-02-14,8:00 - 9:00,12
2018-02-14,9:00 - 10:00,16
2018-02-14,10:00 - 11:00,17
2018-02-14,11:00 - 12:00,21
2018-02-14,12:00 - 13:00,7
2018-02-14,13:00 - 14:00,10
2018-02-14,14:00 - 15:00,17
2018-02-14,15:00 - 16:00,9
2018-02-14,16:00 - 17:00,13
2018-02-14,17:00 - 18:00,15
2018-02-14,18:00 - 19:00,13
2018-02-14,19:00 - 20:00,18
2018-02-14,20:00 - 21:00,20
2018-02-14,21:00 - 22:00,28
2018-02-14,22:00 - 23:00,41
2018-02-15,23:00 - 0:00,12
2018-02-15,0:00 - 1:00,6
2018-02-15,1:00 - 2:00,3
2018-02-15,2:00 - 3:00,4
2018-02-15,3:00 - 4:00,4
2018-02-15,4:00 - 5:00,3
2018-02-15,5:00 - 6:00,10
2018-02-15,6:00 - 7:00,15
2018-02-15,7:00 - 8:00,9
2018-02-15,8:00 - 9:00,10
2018-02-15,9:00 - 10:00,15
2018-02-15,10:00 - 11:00,30
2018-02-15,11:00 - 12:00,23
2018-02-15,12:00 - 13:00,17
2018-02-15,13:00 - 14:00,13
2018-02-15,14:00 - 15:00,20
2018-02-15,15:00 - 16:00,10
2018-02-15,16:00 - 17:00,14
2018-02-15,17:00 - 18:00,16
2018-02-15,18:00 - 19:00,-10
2018-02-15,19:00 - 20:00,10
2018-02-15,20:00 - 21:00,22
2018-02-15,21:00 - 22:00,23
2018-02-15,22:00 - 23:00,22
2018-02-16,23:00 - 0:00,14
2018-02-16,0:00 - 1:00,12
2018-02-16,1:00 - 2:00,15
2018-02-16,2:00 - 3:00,13
2018-02-16,3:00 - 4:00,9
2018-02-16,4:00 - 5:00,7
2018-02-16,5:00 - 6:00,17
2018-02-16,6:00 - 7:00,9
2018-02-16,7:00 - 8:00,12
2018-02-16,8:00 - 9:00,16
2018-02-16,9:00 - 10:00,31
2018-02-16,10:00 - 11:00,21
2018-02-16,11:00 - 12:00,19
2018-02-16,12:00 - 13:00,15
2018-02-16,13:00 - 14:00,9
2018-02-16,14:00 - 15:00,5
2018-02-16,15:00 - 16:00,6
2018-02-16,16:00 - 17:00,8
2018-02-16,17:00 - 18:00,8
2018-02-16,18:00 - 19:00,12
2018-02-16,19:00 - 20:00,8
2018-02-16,20:00 - 21:00,13
2018-02-16,21:00 - 22:00,19
2018-02-16,22:00 - 23:00,26
2018-02-17,23:00 - 0:00,20
2018-02-17,0:00 - 1:00,3
2018-02-17,1:00 - 2:00,15
2018-02-17,2:00 - 3:00,10
2018-02-17,3:00 - 4:00,6
2018-02-17,4:00 - 5:00,7
2018-02-17,5:00 - 6:00,7
2018-02-17,6:00 - 7:00,11
2018-02-17,7:00 - 8:00,20
2018-02-17,8:00 - 9:00,19
2018-02-17,9:00 - 10:00,13
2018-02-17,10:00 - 11:00,28
2018-02-17,11:00 - 12:00,32
2018-02-17,12:00 - 13:00,25
2018-02-17,13:00 - 14:00,22
2018-02-17,14:00 - 15:00,23
2018-02-17,15:00 - 16:00,12
2018-02-17,16:00 - 17:00,9
2018-02-17,17:00 - 18:00,12
2018-02-17,18:00 - 19:00,11
2018-02-17,19:00 - 20:00,12
2018-02-17,20:00 - 21:00,19
2018-02-17,21:00 - 22:00,23
2018-02-17,22:00 - 23:00,21
2018-02-18,23:00 - 0:00,10
2018-02-18,0:00 - 1:00,9
2018-02-18,1:00 - 2:00,11
2018-02-18,2:00 - 3:00,13
2018-02-18,3:00 - 4:00,9
2018-02-18,4:00 - 5:00,16
2018-02-18,5:00 - 6:00,21
2018-02-18,6:00 - 7:00,19
2018-02-18,7:00 - 8:00,9
2018-02-18,8:00 - 9:00,14
2018-02-18,9:00 - 10:00,22
2018-02-18,10:00 - 11:00,25
2018-02-18,11:00 - 12:00,21
2018-02-18,12:00 - 13:00,19
2018-02-18,13:00 - 14:00,9
2018-02-18,14:00 - 15:00,13
2018-02-18,15:00 - 16:00,7
2018-02-18,16:00 - 17:00,16
2018-02-18,17:00 - 18:00,18
2018-02-18,18:00 - 19:00,9
2018-02-18,19:00 - 20:00,11
2018-02-18,20:00 - 21:00,12
2018-02-18,21:00 - 22:00,15
2018-02-18,22:00 - 23:00,11
2018-02-19,23:00 - 0:00,11
2018-02-19,0:00 - 1:00,14
2018-02-19,1:00 - 2:00,14
2018-02-19,2:00 - 3:00,19
2018-02-19,3:00 - 4:00,11
2018-02-19,4:00 - 5:00,12
2018-02-19,5:00 - 6:00,15
2018-02-19,6:00 - 7:00,9
2018-02-19,7:00 - 8:00,15
2018-02-19,8:00 - 9:00,13
2018-02-19,9:00 - 10:00,18
2018-02-19,10:00 - 11:00,14
2018-02-19,11:00 - 12:00,20
2018-02-19,12:00 - 13:00,16
2018-02-19,13:00 - 14:00,10
2018-02-19,14:00 - 15:00,13
2018-02-19,15:00 - 16:00,16
2018-02-19,16:00 - 17:00,16
2018-02-19,17:00 - 18:00,16
2018-02-19,18:00 - 19:00,9
2018-02-19,19:00 - 20:00,16
2018-02-19,20:00 - 21:00,10
2018-02-19,21:00 - 22:00,14
2018-02-19,22:00 - 23:00,15
2018-02-20,23:00 - 0:00,21
2018-02-20,0:00 - 1:00,13
2018-02-20,1:00 - 2:00,14
2018-02-20,2:00 - 3:00,12
2018-02-20,3:00 - 4:00,9
2018-02-20,4:00 - 5:00,18
2018-02-20,5:00 - 6:00,19
2018-02-20,6:00 - 7:00,11
2018-02-20,7:00 - 8:00,8
2018-02-20,8:00 - 9:00,23
2018-02-20,9:00 - 10:00,16
2018-02-20,10:00 - 11:00,11
2018-02-20,11:00 - 12:00,6
2018-02-20,12:00 - 13:00,10
2018-02-20,13:00 - 14:00,8
2018-02-20,14:00 - 15:00,4
2018-02-20,15:00 - 16:00,0
2018-02-20,16:00 - 17:00,0
2018-02-20,17:00 - 18:00,4
2018-02-20,18:00 - 19:00,2
2018-02-20,19:00 - 20:00,2
2018-02-20,20:00 - 21:00,5
2018-02-20,21:00 - 22:00,5
2018-02-20,22:00 - 23:00,10
2018-02-21,23:00 - 0:00,6
2018-02-21,0:00 - 1:00,10
2018-02-21,1:00 - 2:00,7
2018-02-21,2:00 - 3:00,7
2018-02-21,3:00 - 4:00,15
2018-02-21,4:00 - 5:00,15
2018-02-21,5:00 - 6:00,21
2018-02-21,6:00 - 7:00,24
2018-02-21,7:00 - 8:00,21
2018-02-21,8:00 - 9:00,22
2018-02-21,9:00 - 10:00,28
2018-02-21,10:00 - 11:00,29
2018-02-21,11:00 - 12:00,24
2018-02-21,12:00 - 13:00,12
2018-02-21,13:00 - 14:00,8
2018-02-21,14:00 - 15:00,2
2018-02-21,15:00 - 16:00,-1
2018-02-21,16:00 - 17:00,2
2018-02-21,17:00 - 18:00,3
2018-02-21,18:00 - 19:00,3
2018-02-21,19:00 - 20:00,1
2018-02-21,20:00 - 21:00,1
2018-02-21,21:00 - 22:00,10
2018-02-21,22:00 - 23:00,34
2018-02-22,23:00 - 0:00,13
2018-02-22,0:00 - 1:00,7
2018-02-22,1:00 - 2:00,30
2018-02-22,2:00 - 3:00,31
2018-02-22,3:00 - 4:00,18
2018-02-22,4:00 - 5:00,15
2018-02-22,5:00 - 6:00,22
2018-02-22,6:00 - 7:00,32
2018-02-22,7:00 - 8:00,30
2018-02-22,8:00 - 9:00,32
2018-02-22,9:00 - 10:00,25
2018-02-22,10:00 - 11:00,40
2018-02-22,11:00 - 12:00,28
2018-02-22,12:00 - 13:00,22
2018-02-22,13:00 - 14:00,15
2018-02-22,14:00 - 15:00,10
2018-02-22,15:00 - 16:00,8
2018-02-22,16:00 - 17:00,7
2018-02-22,17:00 - 18:00,5
2018-02-22,18:00 - 19:00,2
2018-02-22,19:00 - 20:00,4
2018-02-22,20:00 - 21:00,3
2018-02-22,21:00 - 22:00,10
2018-02-22,22:00 - 23:00,9
2018-02-23,23:00 - 0:00,13
2018-02-23,0:00 - 1:00,7
2018-02-23,1:00 - 2:00,1
2018-02-23,2:00 - 3:00,12
2018-02-23,3:00 - 4:00,12
2018-02-23,4:00 - 5:00,14
2018-02-23,5:00 - 6:00,26
2018-02-23,6:00 - 7:00,23
2018-02-23,7:00 - 8:00,25
2018-02-23,8:00 - 9:00,24
2018-02-23,9:00 - 10:00,25
2018-02-23,10:00 - 11:00,28
2018-02-23,11:00 - 12:00,33
2018-02-23,12:00 - 13:00,27
2018-02-23,13:00 - 14:00,28
2018-02-23,14:00 - 15:00,19
2018-02-23,15:00 - 16:00,9
2018-02-23,16:00 - 17:00,18
2018-02-23,17:00 - 18:00,8
2018-02-23,18:00 - 19:00,9
2018-02-23,19:00 - 20:00,6
2018-02-23,20:00 - 21:00,11
2018-02-23,21:00 - 22:00,12
2018-02-23,22:00 - 23:00,16
2018-02-24,23:00 - 0:00,15
2018-02-24,0:00 - 1:00,12
2018-02-24,1:00 - 2:00,6
2018-02-24,2:00 - 3:00,0
2018-02-24,3:00 - 4:00,18
2018-02-24,4:00 - 5:00,20
2018-02-24,5:00 - 6:00,47
2018-02-24,6:00 - 7:00,29
2018-02-24,7:00 - 8:00,28
2018-02-24,8:00 - 9:00,17
2018-02-24,9:00 - 10:00,11
2018-02-24,10:00 - 11:00,20
2018-02-24,11:00 - 12:00,16
2018-02-24,12:00 - 13:00,12
2018-02-24,13:00 - 14:00,7
2018-02-24,14:00 - 15:00,5
2018-02-24,15:00 - 16:00,5
2018-02-24,16:00 - 17:00,4
2018-02-24,17:00 - 18:00,3
2018-02-24,18:00 - 19:00,5
2018-02-24,19:00 - 20:00,5
2018-02-24,20:00 - 21:00,7
2018-02-24,21:00 - 22:00,5
2018-02-24,22:00 - 23:00,4
2018-02-25,23:00 - 0:00,3
2018-02-25,0:00 - 1:00,5
2018-02-25,1:00 - 2:00,7
2018-02-25,2:00 - 3:00,4
2018-02-25,3:00 - 4:00,6
2018-02-25,4:00 - 5:00,7
2018-02-25,5:00 - 6:00,12
2018-02-25,6:00 - 7:00,11
2018-02-25,7:00 - 8:00,8
2018-02-25,8:00 - 9:00,12
2018-02-25,9:00 - 10:00,11
2018-02-25,10:00 - 11:00,16
2018-02-25,11:00 - 12:00,13
2018-02-25,12:00 - 13:00,10
2018-02-25,13:00 - 14:00,7
2018-02-25,14:00 - 15:00,8
2018-02-25,15:00 - 16:00,5
2018-02-25,16:00 - 17:00,2
2018-02-25,17:00 - 18:00,6
2018-02-25,18:00 - 19:00,3
2018-02-25,19:00 - 20:00,-2
2018-02-25,20:00 - 21:00,3
2018-02-25,21:00 - 22:00,4
2018-02-25,22:00 - 23:00,5
2018-02-26,23:00 - 0:00,2
2018-02-26,0:00 - 1:00,0
2018-02-26,1:00 - 2:00,1
2018-02-26,2:00 - 3:00,3
2018-02-26,3:00 - 4:00,4
2018-02-26,4:00 - 5:00,8
2018-02-26,5:00 - 6:00,10
2018-02-26,6:00 - 7:00,5
2018-02-26,7:00 - 8:00,8
2018-02-26,8:00 - 9:00,13
2018-02-26,9:00 - 10:00,13
2018-02-26,10:00 - 11:00,21
2018-02-26,11:00 - 12:00,20
2018-02-26,12:00 - 13:00,6
2018-02-26,13:00 - 14:00,5
2018-02-26,14:00 - 15:00,3
2018-02-26,15:00 - 16:00,2
2018-02-26,16:00 - 17:00,5
2018-02-26,17:00 - 18:00,11
2018-02-26,18:00 - 19:00,9
2018-02-26,19:00 - 20:00,20
2018-02-26,20:00 - 21:00,19
2018-02-26,21:00 - 22:00,16
2018-02-26,22:00 - 23:00,18
2018-02-27,23:00 - 0:00,18
2018-02-27,0:00 - 1:00,19
2018-02-27,1:00 - 2:00,8
2018-02-27,2:00 - 3:00,12
2018-02-27,3:00 - 4:00,11
2018-02-27,4:00 - 5:00,18
2018-02-27,5:00 - 6:00,21
2018-02-27,6:00 - 7:00,16
2018-02-27,7:00 - 8:00,22
2018-02-27,8:00 - 9:00,27
2018-02-27,9:00 - 10:00,40
2018-02-27,10:00 - 11:00,36
2018-02-27,11:00 - 12:00,26
2018-02-27,12:00 - 13:00,30
2018-02-27,13:00 - 14:00,23
2018-02-27,14:00 - 15:00,17
2018-02-27,15:00 - 16:00,11
2018-02-27,16:00 - 17:00,15
2018-02-27,17:00 - 18:00,12
2018-02-27,18:00 - 19:00,11
2018-02-27,19:00 - 20:00,15
2018-02-28,23:00 - 0:00,14
2018-02-28,0:00 - 1:00,11
2018-02-28,1:00 - 2:00,11
2018-02-28,2:00 - 3:00,9
2018-02-28,3:00 - 4:00,13
2018-02-28,4:00 - 5:00,11
2018-02-28,5:00 - 6:00,17
2018-02-28,6:00 - 7:00,23
2018-02-28,7:00 - 8:00,23
2018-02-28,8:00 - 9:00,19
2018-02-28,9:00 - 10:00,36
2018-02-28,10:00 - 11:00,33
2018-02-28,11:00 - 12:00,32
2018-02-28,12:00 - 13:00,21
2018-02-28,13:00 - 14:00,16
2018-02-28,14:00 - 15:00,13
2018-02-28,15:00 - 16:00,15
2018-02-28,16:00 - 17:00,20
2018-02-28,17:00 - 18:00,17
2018-02-28,18:00 - 19:00,18
2018-02-28,19:00 - 20:00,15
2018-02-28,20:00 - 21:00,15
2018-02-28,21:00 - 22:00,15
2018-02-28,22:00 - 23:00,21
2018-03-01,23:00 - 0:00,11
2018-07-01,23:00 - 0:00,16
2018-07-01,0:00 - 1:00,14
2018-07-01,1:00 - 2:00,11
2018-07-01,2:00 - 3:00,8
2018-07-01,3:00 - 4:00,7
2018-07-01,4:00 - 5:00,5
2018-07-01,5:00 - 6:00,9
2018-07-01,6:00 - 7:00,12
2018-07-01,7:00 - 8:00,9
2018-07-01,8:00 - 9:00,10
2018-07-01,9:00 - 10:00,9
2018-07-01,10:00 - 11:00,10
2018-07-01,11:00 - 12:00,25
2018-07-01,12:00 - 13:00,25
2018-07-01,13:00 - 14:00,23
2018-07-01,14:00 - 15:00,12
2018-07-01,15:00 - 16:00,23
2018-07-01,16:00 - 17:00,19
2018-07-01,17:00 - 18:00,12
2018-07-01,18:00 - 19:00,13
2018-07-01,19:00 - 20:00,17
2018-07-01,20:00 - 21:00,11
2018-07-01,21:00 - 22:00,15
2018-07-01,22:00 - 23:00,16
2018-07-02,23:00 - 0:00,14
2018-07-02,0:00 - 1:00,14
2018-07-02,1:00 - 2:00,10
2018-07-02,2:00 - 3:00,16
2018-07-02,3:00 - 4:00,23
2018-07-02,4:00 - 5:00,8
2018-07-02,5:00 - 6:00,17
2018-07-02,6:00 - 7:00,13
2018-07-02,7:00 - 8:00,20
2018-07-02,8:00 - 9:00,24
2018-07-02,9:00 - 10:00,47
2018-07-02,10:00 - 11:00,29
2018-07-02,11:00 - 12:00,40
2018-07-02,12:00 - 13:00,8
2018-07-02,13:00 - 14:00,21
2018-07-02,14:00 - 15:00,6
2018-07-02,15:00 - 16:00,14
2018-07-02,16:00 - 17:00,10
2018-07-02,17:00 - 18:00,7
2018-07-02,18:00 - 19:00,8
2018-07-02,19:00 - 20:00,15
2018-07-02,20:00 - 21:00,18
2018-07-02,21:00 - 22:00,20
2018-07-02,22:00 - 23:00,12
2018-07-03,23:00 - 0:00,15
2018-07-03,0:00 - 1:00,16
2018-07-03,1:00 - 2:00,12
2018-07-03,2:00 - 3:00,15
2018-07-03,3:00 - 4:00,19
2018-07-03,4:00 - 5:00,13
2018-07-03,5:00 - 6:00,18
2018-07-03,6:00 - 7:00,20
2018-07-03,7:00 - 8:00,20
2018-07-03,8:00 - 9:00,20
2018-07-03,9:00 - 10:00,25
2018-07-03,10:00 - 11:00,19
2018-07-03,11:00 - 12:00,19
2018-07-03,12:00 - 13:00,20
2018-07-03,13:00 - 14:00,22
2018-07-03,14:00 - 15:00,18
2018-07-03,15:00 - 16:00,22
2018-07-03,16:00 - 17:00,23
2018-07-03,17:00 - 18:00,18
2018-07-03,18:00 - 19:00,8
2018-07-03,19:00 - 20:00,13
2018-07-03,20:00 - 21:00,13
2018-07-03,21:00 - 22:00,-6
2018-07-03,22:00 - 23:00,22
2018-07-04,23:00 - 0:00,-1
2018-07-04,0:00 - 1:00,11
2018-07-04,1:00 - 2:00,17
2018-07-04,2:00 - 3:00,10
2018-07-04,3:00 - 4:00,9
2018-07-04,4:00 - 5:00,12
2018-07-04,5:00 - 6:00,10
2018-07-04,6:00 - 7:00,6
2018-07-04,7:00 - 8:00,16
2018-07-04,8:00 - 9:00,26
2018-07-04,9:00 - 10:00,25
2018-07-04,10:00 - 11:00,25
2018-07-04,11:00 - 12:00,20
2018-07-04,12:00 - 13:00,19
2018-07-04,13:00 - 14:00,15
2018-07-04,14:00 - 15:00,12
2018-07-04,15:00 - 16:00,14
2018-07-04,16:00 - 17:00,16
2018-07-04,17:00 - 18:00,10
2018-07-04,18:00 - 19:00,14
2018-07-04,19:00 - 20:00,15
2018-07-04,20:00 - 21:00,9
2018-07-04,21:00 - 22:00,13
2018-07-04,22:00 - 23:00,12
2018-07-05,23:00 - 0:00,9
2018-07-05,0:00 - 1:00,18
2018-07-05,1:00 - 2:00,5
2018-07-05,2:00 - 3:00,10
2018-07-05,3:00 - 4:00,25
2018-07-05,4:00 - 5:00,13
2018-07-05,5:00 - 6:00,18
2018-07-05,6:00 - 7:00,12
2018-07-05,7:00 - 8:00,19
2018-07-05,8:00 - 9:00,20
2018-07-05,9:00 - 10:00,19
2018-07-05,10:00 - 11:00,26
2018-07-05,11:00 - 12:00,26
2018-07-05,12:00 - 13:00,24
2018-07-05,13:00 - 14:00,19
2018-07-05,14:00 - 15:00,12
2018-07-05,15:00 - 16:00,12
2018-07-05,16:00 - 17:00,15
2018-07-05,17:00 - 18:00,20
2018-07-05,18:00 - 19:00,21
2018-07-05,19:00 - 20:00,18
2018-07-05,20:00 - 21:00,25
2018-07-05,21:00 - 22:00,20
2018-07-05,22:00 - 23:00,10
2018-07-06,23:00 - 0:00,22
2018-07-06,0:00 - 1:00,20
2018-07-06,1:00 - 2:00,16
2018-07-06,2:00 - 3:00,-7
2018-07-06,3:00 - 4:00,11
2018-07-06,4:00 - 5:00,16
2018-07-06,5:00 - 6:00,10
2018-07-06,6:00 - 7:00,14
2018-07-06,7:00 - 8:00,13
2018-07-06,8:00 - 9:00,13
2018-07-06,9:00 - 10:00,13
2018-07-06,10:00 - 11:00,11
2018-07-06,11:00 - 12:00,14
2018-07-06,12:00 - 13:00,34
2018-07-06,13:00 - 14:00,0
2018-07-06,14:00 - 15:00,10
2018-07-06,15:00 - 16:00,9
2018-07-06,16:00 - 17:00,9
2018-07-06,17:00 - 18:00,9
2018-07-06,18:00 - 19:00,11
2018-07-06,19:00 - 20:00,11
2018-07-06,20:00 - 21:00,19
2018-07-06,21:00 - 22:00,14
2018-07-06,22:00 - 23:00,11
2018-07-07,23:00 - 0:00,10
2018-07-07,0:00 - 1:00,8
2018-07-07,1:00 - 2:00,8
2018-07-07,2:00 - 3:00,6
2018-07-07,3:00 - 4:00,10
2018-07-07,4:00 - 5:00,9
2018-07-07,5:00 - 6:00,9
2018-07-07,6:00 - 7:00,12
2018-07-07,7:00 - 8:00,10
2018-07-07,8:00 - 9:00,19
2018-07-07,9:00 - 10:00,12
2018-07-07,10:00 - 11:00,16
2018-07-07,11:00 - 12:00,7
2018-07-07,12:00 - 13:00,12
2018-07-07,13:00 - 14:00,10
2018-07-07,14:00 - 15:00,9
2018-07-07,15:00 - 16:00,14
2018-07-07,16:00 - 17:00,27
2018-07-07,17:00 - 18:00,12
2018-07-07,18:00 - 19:00,16
2018-07-07,19:00 - 20:00,19
2018-07-07,20:00 - 21:00,14
2018-07-07,21:00 - 22:00,16
2018-07-07,22:00 - 23:00,18
2018-07-08,23:00 - 0:00,14
2018-07-08,0:00 - 1:00,10
2018-07-08,1:00 - 2:00,9
2018-07-08,2:00 - 3:00,12
2018-07-08,3:00 - 4:00,10
2018-07-08,4:00 - 5:00,11
2018-07-08,5:00 - 6:00,17
2018-07-08,6:00 - 7:00,12
2018-07-08,7:00 - 8:00,16
2018-07-08,8:00 - 9:00,21
2018-07-08,9:00 - 10:00,11
2018-07-08,10:00 - 11:00,11
2018-07-08,11:00 - 12:00,14
2018-07-08,12:00 - 13:00,12
2018-07-08,13:00 - 14:00,14
2018-07-08,14:00 - 15:00,15
2018-07-08,15:00 - 16:00,14
2018-07-08,16:00 - 17:00,18
2018-07-08,17:00 - 18:00,9
2018-07-08,18:00 - 19:00,11
2018-07-08,19:00 - 20:00,11
2018-07-08,20:00 - 21:00,11
2018-07-08,21:00 - 22:00,10
2018-07-08,22:00 - 23:00,7
2018-07-09,23:00 - 0:00,6
2018-07-09,0:00 - 1:00,10
2018-07-09,1:00 - 2:00,9
2018-07-09,2:00 - 3:00,5
2018-07-09,3:00 - 4:00,5
2018-07-09,4:00 - 5:00,6
2018-07-09,5:00 - 6:00,13
2018-07-09,6:00 - 7:00,10
2018-07-09,7:00 - 8:00,9
2018-07-09,8:00 - 9:00,9
2018-07-09,9:00 - 10:00,17
2018-07-09,10:00 - 11:00,15
2018-07-09,11:00 - 12:00,14
2018-07-10,23:00 - 0:00,14
2018-07-10,0:00 - 1:00,17
2018-07-10,1:00 - 2:00,21
2018-07-10,2:00 - 3:00,15
2018-07-10,3:00 - 4:00,12
2018-07-10,4:00 - 5:00,-4
2018-07-10,5:00 - 6:00,14
2018-07-10,6:00 - 7:00,14
2018-07-10,7:00 - 8:00,15
2018-07-10,8:00 - 9:00,36
2018-07-10,9:00 - 10:00,17
2018-07-10,10:00 - 11:00,13
2018-07-10,11:00 - 12:00,9
2018-07-10,12:00 - 13:00,5
2018-07-10,13:00 - 14:00,8
2018-07-10,14:00 - 15:00,10
2018-07-10,15:00 - 16:00,21
2018-07-10,16:00 - 17:00,13
2018-07-10,17:00 - 18:00,13
2018-07-10,18:00 - 19:00,10
2018-07-10,19:00 - 20:00,11
2018-07-10,20:00 - 21:00,11
2018-07-10,21:00 - 22:00,16
2018-07-10,22:00 - 23:00,22
2018-07-11,23:00 - 0:00,12
2018-07-11,0:00 - 1:00,12
2018-07-11,1:00 - 2:00,19
2018-07-11,2:00 - 3:00,13
2018-07-11,3:00 - 4:00,17
2018-07-11,4:00 - 5:00,13
2018-07-11,5:00 - 6:00,21
2018-07-11,6:00 - 7:00,18
2018-07-11,7:00 - 8:00,21
2018-07-11,8:00 - 9:00,21
2018-07-11,9:00 - 10:00,15
2018-07-11,10:00 - 11:00,17
2018-07-11,11:00 - 12:00,5
2018-07-11,12:00 - 13:00,9
2018-07-11,13:00 - 14:00,5
2018-07-11,14:00 - 15:00,5
2018-07-11,15:00 - 16:00,11
2018-07-11,16:00 - 17:00,10
2018-07-11,17:00 - 18:00,8
2018-07-11,18:00 - 19:00,8
2018-07-11,19:00 - 20:00,13
2018-07-11,20:00 - 21:00,11
2018-07-11,21:00 - 22:00,-3
2018-07-11,22:00 - 23:00,8
2018-07-12,23:00 - 0:00,5
2018-07-12,0:00 - 1:00,6
2018-07-12,1:00 - 2:00,-13
2018-07-12,2:00 - 3:00,9
2018-07-12,3:00 - 4:00,8
2018-07-12,4:00 - 5:00,11
2018-07-12,5:00 - 6:00,10
2018-07-12,6:00 - 7:00,12
2018-07-12,7:00 - 8:00,17
2018-07-12,8:00 - 9:00,8
2018-07-13,23:00 - 0:00,14
2018-07-13,0:00 - 1:00,21
2018-07-13,1:00 - 2:00,20
2018-07-13,2:00 - 3:00,26
2018-07-13,3:00 - 4:00,20
2018-07-13,4:00 - 5:00,24
2018-07-13,5:00 - 6:00,24
2018-07-13,6:00 - 7:00,25
2018-07-13,7:00 - 8:00,27
2018-07-13,8:00 - 9:00,35
2018-07-13,9:00 - 10:00,31
2018-07-13,10:00 - 11:00,28
2018-07-13,11:00 - 12:00,26
2018-07-13,12:00 - 13:00,20
2018-07-13,13:00 - 14:00,14
2018-07-13,14:00 - 15:00,15
2018-07-13,15:00 - 16:00,10
2018-07-13,16:00 - 17:00,5
2018-07-13,17:00 - 18:00,4
2018-07-13,18:00 - 19:00,7
2018-07-14,23:00 - 0:00,15
2018-07-14,0:00 - 1:00,7
2018-07-14,1:00 - 2:00,11
2018-07-14,2:00 - 3:00,16
2018-07-14,3:00 - 4:00,11
2018-07-14,4:00 - 5:00,14
2018-07-14,5:00 - 6:00,14
2018-07-14,6:00 - 7:00,14
2018-07-14,7:00 - 8:00,16
2018-07-14,8:00 - 9:00,21
2018-07-14,9:00 - 10:00,16
2018-07-14,10:00 - 11:00,12
2018-07-14,11:00 - 12:00,22
2018-07-14,12:00 - 13:00,16
2018-07-14,13:00 - 14:00,35
2018-07-14,14:00 - 15:00,11
2018-07-14,15:00 - 16:00,13
2018-07-14,16:00 - 17:00,13
2018-07-14,17:00 - 18:00,14
2018-07-14,18:00 - 19:00,11
2018-07-14,19:00 - 20:00,11
2018-07-14,20:00 - 21:00,13
2018-07-14,21:00 - 22:00,9
2018-07-14,22:00 - 23:00,6
2018-07-15,23:00 - 0:00,8
2018-07-15,0:00 - 1:00,10
2018-07-15,1:00 - 2:00,13
2018-07-15,2:00 - 3:00,10
2018-07-15,3:00 - 4:00,12
2018-07-15,4:00 - 5:00,23
2018-07-15,5:00 - 6:00,21
2018-07-15,6:00 - 7:00,18
2018-07-15,7:00 - 8:00,21
2018-07-15,8:00 - 9:00,20
2018-07-15,9:00 - 10:00,23
2018-07-15,10:00 - 11:00,25
2018-07-15,11:00 - 12:00,25
2018-07-15,12:00 - 13:00,24
2018-07-15,13:00 - 14:00,22
2018-07-15,14:00 - 15:00,21
2018-07-15,15:00 - 16:00,22
2018-07-15,16:00 - 17:00,18
2018-07-15,17:00 - 18:00,23
2018-07-15,18:00 - 19:00,15
2018-07-15,19:00 - 20:00,16
2018-07-15,20:00 - 21:00,8
2018-07-15,21:00 - 22:00,9
2018-07-15,22:00 - 23:00,13
2018-07-16,23:00 - 0:00,10
2018-07-16,0:00 - 1:00,9
2018-07-16,1:00 - 2:00,9
2018-07-16,2:00 - 3:00,6
2018-07-16,3:00 - 4:00,8
2018-07-16,4:00 - 5:00,9
2018-07-16,5:00 - 6:00,16
2018-07-16,6:00 - 7:00,22
2018-07-16,7:00 - 8:00,30
2018-07-16,8:00 - 9:00,33
2018-07-16,9:00 - 10:00,29
2018-07-16,10:00 - 11:00,40
2018-07-16,11:00 - 12:00,30
2018-07-16,12:00 - 13:00,18
2018-07-16,13:00 - 14:00,37
2018-07-16,14:00 - 15:00,36
2018-07-16,15:00 - 16:00,38
2018-07-16,16:00 - 17:00,31
2018-07-16,17:00 - 18:00,18
2018-07-16,18:00 - 19:00,26
2018-07-16,19:00 - 20:00,25
2018-07-16,20:00 - 21:00,20
2018-07-16,21:00 - 22:00,56
2018-07-16,22:00 - 23:00,0
2018-07-17,23:00 - 0:00,19
2018-07-17,0:00 - 1:00,19
2018-07-17,1:00 - 2:00,12
2018-07-17,2:00 - 3:00,9
2018-07-17,3:00 - 4:00,12
2018-07-17,4:00 - 5:00,11
2018-07-17,5:00 - 6:00,32
2018-07-17,6:00 - 7:00,27
2018-07-17,7:00 - 8:00,22
2018-07-17,8:00 - 9:00,24
2018-07-17,9:00 - 10:00,20
2018-07-17,10:00 - 11:00,21
2018-07-17,11:00 - 12:00,24
2018-07-17,12:00 - 13:00,17
2018-07-17,13:00 - 14:00,21
2018-07-17,14:00 - 15:00,18
2018-07-17,15:00 - 16:00,17
2018-07-17,16:00 - 17:00,17
2018-07-17,17:00 - 18:00,12
2018-07-17,18:00 - 19:00,14
2018-07-17,19:00 - 20:00,14
2018-07-17,20:00 - 21:00,18
2018-07-17,21:00 - 22:00,14
2018-07-17,22:00 - 23:00,11
2018-07-18,23:00 - 0:00,16
2018-07-18,0:00 - 1:00,11
2018-07-18,1:00 - 2:00,9
2018-07-18,2:00 - 3:00,7
2018-07-18,3:00 - 4:00,10
2018-07-18,4:00 - 5:00,7
2018-07-18,5:00 - 6:00,7
2018-07-18,6:00 - 7:00,9
2018-07-18,7:00 - 8:00,10
2018-07-18,8:00 - 9:00,14
2018-07-18,9:00 - 10:00,13
2018-07-18,10:00 - 11:00,14
2018-07-18,11:00 - 12:00,15
2018-07-18,12:00 - 13:00,27
2018-07-18,13:00 - 14:00,24
2018-07-18,14:00 - 15:00,12
2018-07-18,15:00 - 16:00,22
2018-07-18,16:00 - 17:00,22
2018-07-18,17:00 - 18:00,18
2018-07-18,18:00 - 19:00,13
2018-07-18,19:00 - 20:00,20
2018-07-18,20:00 - 21:00,18
2018-07-18,21:00 - 22:00,19
2018-07-18,22:00 - 23:00,14
2018-07-19,23:00 - 0:00,11
2018-07-19,0:00 - 1:00,13
2018-07-19,1:00 - 2:00,9
2018-07-19,2:00 - 3:00,31
2018-07-19,3:00 - 4:00,15
2018-07-19,4:00 - 5:00,26
2018-07-19,5:00 - 6:00,30
2018-07-19,6:00 - 7:00,22
2018-07-19,7:00 - 8:00,27
2018-07-19,8:00 - 9:00,29
2018-07-19,9:00 - 10:00,41
2018-07-19,10:00 - 11:00,34
2018-07-19,11:00 - 12:00,38
2018-07-19,12:00 - 13:00,31
2018-07-19,13:00 - 14:00,30
2018-07-19,14:00 - 15:00,30
2018-07-19,15:00 - 16:00,71
2018-07-19,16:00 - 17:00,6
2018-07-19,17:00 - 18:00,7
2018-07-19,18:00 - 19:00,8
2018-07-19,19:00 - 20:00,7
2018-07-19,20:00 - 21:00,6
2018-07-19,21:00 - 22:00,11
2018-07-19,22:00 - 23:00,16
2018-07-20,23:00 - 0:00,15
2018-07-20,0:00 - 1:00,12
2018-07-20,1:00 - 2:00,11
2018-07-20,2:00 - 3:00,7
2018-07-20,3:00 - 4:00,10
2018-07-20,4:00 - 5:00,9
2018-07-20,5:00 - 6:00,12
2018-07-20,6:00 - 7:00,13
2018-07-20,7:00 - 8:00,14
2018-07-20,8:00 - 9:00,18
2018-07-20,9:00 - 10:00,24
2018-07-20,10:00 - 11:00,23
2018-07-20,11:00 - 12:00,5
2018-07-20,12:00 - 13:00,12
2018-07-20,13:00 - 14:00,16
2018-07-20,14:00 - 15:00,14
2018-07-20,15:00 - 16:00,15
2018-07-20,16:00 - 17:00,14
2018-07-20,17:00 - 18:00,-3
2018-07-20,18:00 - 19:00,4
2018-07-20,19:00 - 20:00,12
2018-07-20,20:00 - 21:00,19
2018-07-20,21:00 - 22:00,18
2018-07-20,22:00 - 23:00,24
2018-07-21,23:00 - 0:00,21
2018-07-21,0:00 - 1:00,12
2018-07-21,1:00 - 2:00,21
2018-07-21,2:00 - 3:00,2
2018-07-21,3:00 - 4:00,18
2018-07-21,4:00 - 5:00,18
2018-07-21,5:00 - 6:00,18
2018-07-21,6:00 - 7:00,24
2018-07-21,7:00 - 8:00,17
2018-07-21,8:00 - 9:00,23
2018-07-21,9:00 - 10:00,24
2018-07-21,10:00 - 11:00,23
2018-07-21,11:00 - 12:00,3
2018-07-21,12:00 - 13:00,29
2018-07-21,13:00 - 14:00,26
2018-07-21,14:00 - 15:00,25
2018-07-21,15:00 - 16:00,10
2018-07-21,16:00 - 17:00,12
2018-07-21,17:00 - 18:00,15
2018-07-21,18:00 - 19:00,24
2018-07-21,19:00 - 20:00,11
2018-07-21,20:00 - 21:00,19
2018-07-21,21:00 - 22:00,16
2018-07-21,22:00 - 23:00,16
2018-07-22,23:00 - 0:00,18
2018-07-22,0:00 - 1:00,17
2018-07-22,1:00 - 2:00,16
2018-07-22,2:00 - 3:00,12
2018-07-22,3:00 - 4:00,14
2018-07-22,4:00 - 5:00,11
2018-07-22,5:00 - 6:00,18
2018-07-22,6:00 - 7:00,15
2018-07-22,7:00 - 8:00,12
2018-07-22,8:00 - 9:00,15
2018-07-22,9:00 - 10:00,13
2018-07-22,10:00 - 11:00,11
2018-07-23,23:00 - 0:00,10
2018-07-23,0:00 - 1:00,5
2018-07-23,1:00 - 2:00,18
2018-07-23,2:00 - 3:00,15
2018-07-23,3:00 - 4:00,15
2018-07-23,4:00 - 5:00,16
2018-07-23,5:00 - 6:00,14
2018-07-23,6:00 - 7:00,23
2018-07-23,7:00 - 8:00,25
2018-07-23,8:00 - 9:00,29
2018-07-23,9:00 - 10:00,28
2018-07-23,10:00 - 11:00,22
2018-07-23,11:00 - 12:00,11
2018-07-23,12:00 - 13:00,16
2018-07-23,13:00 - 14:00,16
2018-07-23,14:00 - 15:00,12
2018-07-23,15:00 - 16:00,17
2018-07-23,16:00 - 17:00,16
2018-07-23,17:00 - 18:00,18
2018-07-23,18:00 - 19:00,13
2018-07-23,19:00 - 20:00,13
2018-07-23,20:00 - 21:00,12
2018-07-24,23:00 - 0:00,20
2018-07-24,0:00 - 1:00,15
2018-07-24,1:00 - 2:00,13
2018-07-24,2:00 - 3:00,14
2018-07-24,3:00 - 4:00,16
2018-07-24,4:00 - 5:00,22
2018-07-24,5:00 - 6:00,18
2018-07-24,6:00 - 7:00,18
2018-07-24,7:00 - 8:00,17
2018-07-24,8:00 - 9:00,28
2018-07-24,9:00 - 10:00,42
2018-07-24,10:00 - 11:00,19
2018-07-24,11:00 - 12:00,46
2018-07-24,12:00 - 13:00,45
2018-07-24,13:00 - 14:00,61
2018-07-24,14:00 - 15:00,26
2018-07-24,15:00 - 16:00,7
2018-07-24,16:00 - 17:00,12
2018-07-24,17:00 - 18:00,11
2018-07-24,18:00 - 19:00,10
2018-07-24,19:00 - 20:00,12
2018-07-24,20:00 - 21:00,12
2018-07-24,21:00 - 22:00,16
2018-07-24,22:00 - 23:00,14
2018-07-25,23:00 - 0:00,16
2018-07-25,0:00 - 1:00,17
2018-07-25,1:00 - 2:00,57
2018-07-25,2:00 - 3:00,12
2018-07-25,3:00 - 4:00,10
2018-07-25,4:00 - 5:00,13
2018-07-25,5:00 - 6:00,20
2018-07-25,6:00 - 7:00,21
2018-07-25,7:00 - 8:00,20
2018-07-25,8:00 - 9:00,28
2018-07-25,9:00 - 10:00,28
2018-07-25,10:00 - 11:00,18
2018-07-25,11:00 - 12:00,22
2018-07-25,12:00 - 13:00,19
2018-07-25,13:00 - 14:00,19
2018-07-25,14:00 - 15:00,17
2018-07-25,15:00 - 16:00,9
2018-07-25,16:00 - 17:00,6
2018-07-25,17:00 - 18:00,22
2018-07-25,18:00 - 19:00,5
2018-07-25,19:00 - 20:00,6
2018-07-25,20:00 - 21:00,9
2018-07-25,21:00 - 22:00,9
2018-07-25,22:00 - 23:00,13
2018-07-26,23:00 - 0:00,22
2018-07-26,0:00 - 1:00,18
2018-07-26,1:00 - 2:00,15
2018-07-26,2:00 - 3:00,18
2018-07-26,3:00 - 4:00,25
2018-07-26,4:00 - 5:00,14
2018-07-26,5:00 - 6:00,13
2018-07-26,6:00 - 7:00,20
2018-07-26,7:00 - 8:00,17
2018-07-26,8:00 - 9:00,23
2018-07-26,9:00 - 10:00,19
2018-07-26,10:00 - 11:00,19
2018-07-26,11:00 - 12:00,23
2018-07-26,12:00 - 13:00,20
2018-07-26,13:00 - 14:00,22
2018-07-26,14:00 - 15:00,21
2018-07-26,15:00 - 16:00,20
2018-07-26,16:00 - 17:00,25
2018-07-26,17:00 - 18:00,22
2018-07-26,18:00 - 19:00,15
2018-07-26,19:00 - 20:00,19
2018-07-26,20:00 - 21:00,17
2018-07-26,21:00 - 22:00,16
2018-07-26,22:00 - 23:00,7
2018-07-27,23:00 - 0:00,15
2018-07-27,0:00 - 1:00,16
2018-07-27,1:00 - 2:00,11
2018-07-27,2:00 - 3:00,15
2018-07-27,3:00 - 4:00,13
2018-07-27,4:00 - 5:00,11
2018-07-27,5:00 - 6:00,16
2018-07-27,6:00 - 7:00,13
2018-07-27,7:00 - 8:00,18
2018-07-27,8:00 - 9:00,21
2018-07-27,9:00 - 10:00,20
2018-07-27,10:00 - 11:00,31
2018-07-27,11:00 - 12:00,22
2018-07-27,12:00 - 13:00,18
2018-07-27,13:00 - 14:00,16
2018-07-27,14:00 - 15:00,10
2018-07-27,15:00 - 16:00,12
2018-07-27,16:00 - 17:00,18
2018-07-27,17:00 - 18:00,15
2018-07-27,18:00 - 19:00,18
2018-07-27,19:00 - 20:00,17
2018-07-27,20:00 - 21:00,18
2018-07-27,21:00 - 22:00,18
2018-07-27,22:00 - 23:00,19
2018-07-28,23:00 - 0:00,15
2018-07-28,0:00 - 1:00,9
2018-07-28,1:00 - 2:00,13
2018-07-28,2:00 - 3:00,12
2018-07-28,3:00 - 4:00,13
2018-07-28,4:00 - 5:00,-13
2018-07-28,5:00 - 6:00,6
2018-07-28,6:00 - 7:00,16
2018-07-28,7:00 - 8:00,16
2018-07-28,8:00 - 9:00,23
2018-07-28,9:00 - 10:00,25
2018-07-28,10:00 - 11:00,32
2018-07-28,11:00 - 12:00,26
2018-07-28,12:00 - 13:00,14
2018-07-28,13:00 - 14:00,14
2018-07-28,14:00 - 15:00,13
2018-07-28,15:00 - 16:00,8
2018-07-28,16:00 - 17:00,7
2018-07-28,17:00 - 18:00,8
2018-07-28,18:00 - 19:00,-5
2018-07-28,19:00 - 20:00,16
2018-07-28,20:00 - 21:00,7
2018-07-28,21:00 - 22:00,14
2018-07-28,22:00 - 23:00,10
2018-07-29,23:00 - 0:00,20
2018-07-29,0:00 - 1:00,-6
2018-07-29,1:00 - 2:00,15
2018-07-29,2:00 - 3:00,20
2018-07-29,3:00 - 4:00,12
2018-07-29,4:00 - 5:00,19
2018-07-29,5:00 - 6:00,20
2018-07-29,6:00 - 7:00,18
2018-07-29,7:00 - 8:00,18
2018-07-29,8:00 - 9:00,12
2018-07-29,9:00 - 10:00,19
2018-07-29,10:00 - 11:00,22
2018-07-29,11:00 - 12:00,23
2018-07-29,12:00 - 13:00,21
2018-07-29,13:00 - 14:00,21
2018-07-29,14:00 - 15:00,21
2018-07-29,15:00 - 16:00,17
2018-07-29,16:00 - 17:00,22
2018-07-29,17:00 - 18:00,20
2018-07-29,18:00 - 19:00,19
2018-07-29,19:00 - 20:00,14
2018-07-29,20:00 - 21:00,19
2018-07-29,21:00 - 22:00,9
2018-07-29,22:00 - 23:00,17
2018-07-30,23:00 - 0:00,14
2018-07-30,0:00 - 1:00,14
2018-07-30,1:00 - 2:00,14
2018-07-30,2:00 - 3:00,15
2018-07-30,3:00 - 4:00,15
2018-07-30,4:00 - 5:00,11
2018-07-30,5:00 - 6:00,16
2018-07-30,6:00 - 7:00,17
2018-07-30,7:00 - 8:00,17
2018-07-30,8:00 - 9:00,18
2018-07-30,9:00 - 10:00,24
2018-07-30,10:00 - 11:00,17
2018-07-30,11:00 - 12:00,23
2018-07-30,12:00 - 13:00,11
2018-07-30,13:00 - 14:00,15
2018-07-30,14:00 - 15:00,13
2018-07-30,15:00 - 16:00,19
2018-07-30,16:00 - 17:00,13
2018-07-30,17:00 - 18:00,18
2018-07-30,18:00 - 19:00,16
2018-07-30,19:00 - 20:00,19
2018-07-30,20:00 - 21:00,18
2018-07-30,21:00 - 22:00,14
2018-07-30,22:00 - 23:00,14
2018-07-31,23:00 - 0:00,16
2018-07-31,0:00 - 1:00,11
2018-07-31,1:00 - 2:00,-6
2018-08-01,23:00 - 0:00,14
2019-06-01,23:00 - 0:00,21
2019-06-01,0:00 - 1:00,23
2019-06-01,1:00 - 2:00,26
2019-06-01,2:00 - 3:00,19
2019-06-01,3:00 - 4:00,18
2019-06-01,4:00 - 5:00,17
2019-06-01,5:00 - 6:00,18
2019-06-01,6:00 - 7:00,24
2019-06-01,7:00 - 8:00,20
2019-06-01,8:00 - 9:00,22
2019-06-01,9:00 - 10:00,21
2019-06-01,10:00 - 11:00,20
2019-06-01,11:00 - 12:00,12
2019-06-01,12:00 - 13:00,17
2019-06-01,13:00 - 14:00,15
2019-06-01,14:00 - 15:00,9
2019-06-01,15:00 - 16:00,10
2019-06-01,16:00 - 17:00,9
2019-06-01,17:00 - 18:00,19
2019-06-01,18:00 - 19:00,20
2019-06-01,19:00 - 20:00,11
2019-06-01,20:00 - 21:00,11
2019-06-01,21:00 - 22:00,9
2019-06-01,22:00 - 23:00,9
2019-06-02,23:00 - 0:00,8
2019-06-02,0:00 - 1:00,9
2019-06-02,1:00 - 2:00,11
2019-06-02,2:00 - 3:00,17
2019-06-02,3:00 - 4:00,19
2019-06-02,4:00 - 5:00,19
2019-06-02,5:00 - 6:00,16
2019-06-02,6:00 - 7:00,20
2019-06-02,7:00 - 8:00,17
2019-06-02,8:00 - 9:00,21
2019-06-02,9:00 - 10:00,23
2019-06-02,10:00 - 11:00,19
2019-06-02,11:00 - 12:00,17
2019-06-02,12:00 - 13:00,17
2019-06-02,13:00 - 14:00,12
2019-06-02,14:00 - 15:00,12
2019-06-02,15:00 - 16:00,14
2019-06-02,16:00 - 17:00,10
2019-06-02,17:00 - 18:00,12
2019-06-02,18:00 - 19:00,6
2019-06-02,19:00 - 20:00,9
2019-06-02,20:00 - 21:00,11
2019-06-02,21:00 - 22:00,9
2019-06-02,22:00 - 23:00,8
2019-06-03,23:00 - 0:00,7
2019-06-03,0:00 - 1:00,11
2019-06-03,1:00 - 2:00,10
2019-06-03,2:00 - 3:00,10
2019-06-03,3:00 - 4:00,11
2019-06-03,4:00 - 5:00,6
2019-06-03,5:00 - 6:00,1
2019-06-03,6:00 - 7:00,13
2019-06-03,7:00 - 8:00,8
2019-06-03,8:00 - 9:00,10
2019-06-03,9:00 - 10:00,10
2019-06-03,10:00 - 11:00,7
2019-06-03,11:00 - 12:00,8
2019-06-03,12:00 - 13:00,6
2019-06-03,13:00 - 14:00,8
2019-06-03,14:00 - 15:00,9
2019-06-03,15:00 - 16:00,7
2019-06-03,16:00 - 17:00,7
2019-06-03,17:00 - 18:00,4
2019-06-03,18:00 - 19:00,2
2019-06-03,19:00 - 20:00,9
2019-06-03,20:00 - 21:00,10
2019-06-03,21:00 - 22:00,11
2019-06-03,22:00 - 23:00,9
2019-06-04,23:00 - 0:00,10
2019-06-04,0:00 - 1:00,7
2019-06-04,1:00 - 2:00,5
2019-06-04,2:00 - 3:00,6
2019-06-04,3:00 - 4:00,5
2019-06-04,4:00 - 5:00,5
2019-06-04,5:00 - 6:00,4
2019-06-04,6:00 - 7:00,14
2019-06-04,7:00 - 8:00,9
2019-06-04,8:00 - 9:00,7
2019-06-04,9:00 - 10:00,16
2019-06-04,10:00 - 11:00,18
2019-06-04,11:00 - 12:00,22
2019-06-04,12:00 - 13:00,11
2019-06-04,13:00 - 14:00,12
2019-06-04,14:00 - 15:00,9
2019-06-04,15:00 - 16:00,11
2019-06-04,16:00 - 17:00,7
2019-06-04,17:00 - 18:00,9
2019-06-04,18:00 - 19:00,15
2019-06-04,19:00 - 20:00,11
2019-06-04,20:00 - 21:00,11
2019-06-04,21:00 - 22:00,14
2019-06-04,22:00 - 23:00,11
2019-06-05,23:00 - 0:00,10
2019-06-05,0:00 - 1:00,14
2019-06-05,1:00 - 2:00,21
2019-06-05,2:00 - 3:00,23
2019-06-05,3:00 - 4:00,26
2019-06-05,4:00 - 5:00,27
2019-06-05,5:00 - 6:00,31
2019-06-05,6:00 - 7:00,19
2019-06-05,7:00 - 8:00,12
2019-06-05,8:00 - 9:00,10
2019-06-05,9:00 - 10:00,8
2019-06-05,10:00 - 11:00,7
2019-06-05,11:00 - 12:00,11
2019-06-05,12:00 - 13:00,10
2019-06-05,13:00 - 14:00,16
2019-06-05,14:00 - 15:00,22
2019-06-05,15:00 - 16:00,18
2019-06-05,16:00 - 17:00,14
2019-06-05,17:00 - 18:00,15
2019-06-05,18:00 - 19:00,12
2019-06-05,19:00 - 20:00,16
2019-06-05,20:00 - 21:00,15
2019-06-05,21:00 - 22:00,4
2019-06-05,22:00 - 23:00,10
2019-06-06,23:00 - 0:00,7
2019-06-06,0:00 - 1:00,22
2019-06-06,1:00 - 2:00,20
2019-06-06,2:00 - 3:00,23
2019-06-06,3:00 - 4:00,24
2019-06-06,4:00 - 5:00,20
2019-06-06,5:00 - 6:00,15
2019-06-06,6:00 - 7:00,15
2019-06-06,7:00 - 8:00,23
2019-06-06,8:00 - 9:00,26
2019-06-06,9:00 - 10:00,27
2019-06-06,10:00 - 11:00,35
2019-06-06,11:00 - 12:00,23
2019-06-06,12:00 - 13:00,26
2019-06-06,13:00 - 14:00,30
2019-06-06,14:00 - 15:00,23
2019-06-06,15:00 - 16:00,20
2019-06-06,16:00 - 17:00,21
2019-06-06,17:00 - 18:00,20
2019-06-06,18:00 - 19:00,17
2019-06-06,19:00 - 20:00,16
2019-06-06,20:00 - 21:00,17
2019-06-06,21:00 - 22:00,19
2019-06-06,22:00 - 23:00,26
2019-06-07,23:00 - 0:00,23
2019-06-07,0:00 - 1:00,20
2019-06-07,1:00 - 2:00,27
2019-06-07,2:00 - 3:00,39
2019-06-07,3:00 - 4:00,23
2019-06-07,4:00 - 5:00,25
2019-06-07,5:00 - 6:00,21
2019-06-07,6:00 - 7:00,25
2019-06-07,7:00 - 8:00,24
2019-06-07,8:00 - 9:00,24
2019-06-07,9:00 - 10:00,33
2019-06-07,10:00 - 11:00,39
2019-06-07,11:00 - 12:00,33
2019-06-07,12:00 - 13:00,25
2019-06-07,13:00 - 14:00,32
2019-06-07,14:00 - 15:00,18
2019-06-07,15:00 - 16:00,23
2019-06-07,16:00 - 17:00,15
2019-06-07,17:00 - 18:00,18
2019-06-07,18:00 - 19:00,22
2019-06-07,19:00 - 20:00,23
2019-06-07,20:00 - 21:00,20
2019-06-07,21:00 - 22:00,22
2019-06-07,22:00 - 23:00,28
2019-06-08,23:00 - 0:00,28
2019-06-08,0:00 - 1:00,39
2019-06-08,1:00 - 2:00,27
2019-06-08,2:00 - 3:00,22
2019-06-08,3:00 - 4:00,21
2019-06-08,4:00 - 5:00,25
2019-06-08,5:00 - 6:00,30
2019-06-08,6:00 - 7:00,23
2019-06-08,7:00 - 8:00,35
2019-06-08,8:00 - 9:00,31
2019-06-08,9:00 - 10:00,31
2019-06-08,10:00 - 11:00,32
2019-06-08,11:00 - 12:00,35
2019-06-08,12:00 - 13:00,35
2019-06-08,13:00 - 14:00,25
2019-06-08,14:00 - 15:00,13
2019-06-08,15:00 - 16:00,13
2019-06-08,16:00 - 17:00,12
2019-06-08,17:00 - 18:00,14
2019-06-08,18:00 - 19:00,17
2019-06-08,19:00 - 20:00,17
2019-06-08,20:00 - 21:00,19
2019-06-08,21:00 - 22:00,20
2019-06-08,22:00 - 23:00,17
2019-06-09,23:00 - 0:00,19
2019-06-09,0:00 - 1:00,14
2019-06-09,16:00 - 17:00,23
2019-06-09,17:00 - 18:00,22
2019-06-09,18:00 - 19:00,28
2019-06-09,19:00 - 20:00,21
2019-06-09,20:00 - 21:00,27
2019-06-09,21:00 - 22:00,9
2019-06-09,22:00 - 23:00,11
2019-06-10,23:00 - 0:00,19
2019-06-10,0:00 - 1:00,23
2019-06-10,1:00 - 2:00,61
2019-06-10,2:00 - 3:00,0
2019-06-10,3:00 - 4:00,0
2019-06-10,4:00 - 5:00,7
2019-06-10,5:00 - 6:00,7
2019-06-10,6:00 - 7:00,5
2019-06-10,7:00 - 8:00,6
2019-06-10,8:00 - 9:00,5
2019-06-10,9:00 - 10:00,1
2019-06-10,10:00 - 11:00,1
2019-06-10,11:00 - 12:00,8
2019-06-10,12:00 - 13:00,6
2019-06-10,13:00 - 14:00,5
2019-06-10,14:00 - 15:00,7
2019-06-10,15:00 - 16:00,14
2019-06-10,16:00 - 17:00,9
2019-06-10,17:00 - 18:00,5
2019-06-10,18:00 - 19:00,7
2019-06-10,19:00 - 20:00,7
2019-06-10,20:00 - 21:00,15
2019-06-10,21:00 - 22:00,11
2019-06-10,22:00 - 23:00,12
2019-06-11,23:00 - 0:00,17
2019-06-11,0:00 - 1:00,16
2019-06-11,1:00 - 2:00,19
2019-06-11,2:00 - 3:00,16
2019-06-11,3:00 - 4:00,11
2019-06-11,4:00 - 5:00,7
2019-06-11,5:00 - 6:00,7
2019-06-11,6:00 - 7:00,12
2019-06-11,7:00 - 8:00,9
2019-06-11,8:00 - 9:00,10
2019-06-11,9:00 - 10:00,10
2019-06-11,10:00 - 11:00,11
2019-06-11,11:00 - 12:00,14
2019-06-11,12:00 - 13:00,13
2019-06-11,13:00 - 14:00,13
2019-06-11,14:00 - 15:00,12
2019-06-11,15:00 - 16:00,13
2019-06-11,16:00 - 17:00,15
2019-06-11,17:00 - 18:00,11
2019-06-11,18:00 - 19:00,15
2019-06-11,19:00 - 20:00,15
2019-06-11,20:00 - 21:00,14
2019-06-11,21:00 - 22:00,13
2019-06-11,22:00 - 23:00,14
2019-06-12,23:00 - 0:00,17
2019-06-12,0:00 - 1:00,10
2019-06-12,1:00 - 2:00,8
2019-06-12,2:00 - 3:00,11
2019-06-12,3:00 - 4:00,12
2019-06-12,4:00 - 5:00,9
2019-06-12,5:00 - 6:00,7
2019-06-12,6:00 - 7:00,6
2019-06-12,7:00 - 8:00,3
2019-06-12,8:00 - 9:00,8
2019-06-12,9:00 - 10:00,10
2019-06-12,10:00 - 11:00,11
2019-06-12,11:00 - 12:00,9
2019-06-12,12:00 - 13:00,10
2019-06-12,13:00 - 14:00,13
2019-06-12,14:00 - 15:00,10
2019-06-12,15:00 - 16:00,14
2019-06-12,16:00 - 17:00,14
2019-06-12,17:00 - 18:00,10
2019-06-12,18:00 - 19:00,7
2019-06-12,19:00 - 20:00,9
2019-06-12,20:00 - 21:00,8
2019-06-12,21:00 - 22:00,13
2019-06-12,22:00 - 23:00,16
2019-06-13,23:00 - 0:00,19
2019-06-13,0:00 - 1:00,8
2019-06-13,1:00 - 2:00,6
2019-06-13,2:00 - 3:00,5
2019-06-13,3:00 - 4:00,7
2019-06-13,4:00 - 5:00,8
2019-06-13,5:00 - 6:00,12
2019-06-13,6:00 - 7:00,9
2019-06-13,7:00 - 8:00,6
2019-06-13,8:00 - 9:00,6
2019-06-13,9:00 - 10:00,13
2019-06-13,10:00 - 11:00,8
2019-06-13,11:00 - 12:00,4
2019-06-13,12:00 - 13:00,8
2019-06-13,13:00 - 14:00,16
2019-06-13,14:00 - 15:00,13
2019-06-13,15:00 - 16:00,12
2019-06-13,16:00 - 17:00,9
2019-06-13,17:00 - 18:00,6
2019-06-13,18:00 - 19:00,1
2019-06-13,19:00 - 20:00,4
2019-06-13,20:00 - 21:00,6
2019-06-13,21:00 - 22:00,9
2019-06-13,22:00 - 23:00,11
2019-06-14,23:00 - 0:00,17
2019-06-14,0:00 - 1:00,12
2019-06-14,1:00 - 2:00,18
2019-06-14,2:00 - 3:00,12
2019-06-14,3:00 - 4:00,7
2019-06-14,4:00 - 5:00,9
2019-06-14,5:00 - 6:00,6
2019-06-14,6:00 - 7:00,0
2019-06-14,7:00 - 8:00,0
2019-06-14,8:00 - 9:00,1
2019-06-14,9:00 - 10:00,9
2019-06-14,10:00 - 11:00,5
2019-06-14,11:00 - 12:00,1
2019-06-14,12:00 - 13:00,1
2019-06-14,13:00 - 14:00,3
2019-06-14,14:00 - 15:00,7
2019-06-14,15:00 - 16:00,10
2019-06-14,16:00 - 17:00,8
2019-06-14,17:00 - 18:00,14
2019-06-14,18:00 - 19:00,9
2019-06-14,19:00 - 20:00,7
2019-06-14,20:00 - 21:00,8
2019-06-14,21:00 - 22:00,7
2019-06-14,22:00 - 23:00,13
2019-06-15,23:00 - 0:00,9
2019-06-15,0:00 - 1:00,12
2019-06-15,1:00 - 2:00,11
2019-06-15,2:00 - 3:00,13
2019-06-15,3:00 - 4:00,8
2019-06-15,4:00 - 5:00,7
2019-06-15,5:00 - 6:00,6
2019-06-15,6:00 - 7:00,6
2019-06-15,7:00 - 8:00,6
2019-06-15,8:00 - 9:00,6
2019-06-15,9:00 - 10:00,4
2019-06-15,10:00 - 11:00,2
2019-06-15,11:00 - 12:00,5
2019-06-15,12:00 - 13:00,8
2019-06-15,13:00 - 14:00,13
2019-06-15,14:00 - 15:00,7
2019-06-15,15:00 - 16:00,3
2019-06-15,16:00 - 17:00,4
2019-06-15,17:00 - 18:00,5
2019-06-15,18:00 - 19:00,9
2019-06-15,19:00 - 20:00,20
2019-06-15,20:00 - 21:00,25
2019-06-15,21:00 - 22:00,33
2019-06-15,22:00 - 23:00,30
2019-06-16,23:00 - 0:00,31
2019-06-16,0:00 - 1:00,32
2019-06-16,1:00 - 2:00,26
2019-06-16,2:00 - 3:00,25
2019-06-16,3:00 - 4:00,22
2019-06-16,4:00 - 5:00,22
2019-06-16,5:00 - 6:00,22
2019-06-16,6:00 - 7:00,11
2019-06-16,7:00 - 8:00,10
2019-06-16,8:00 - 9:00,10
2019-06-16,9:00 - 10:00,10
2019-06-16,10:00 - 11:00,10
2019-06-16,11:00 - 12:00,12
2019-06-16,12:00 - 13:00,7
2019-06-16,13:00 - 14:00,12
2019-06-16,14:00 - 15:00,18
2019-06-16,15:00 - 16:00,13
2019-06-16,16:00 - 17:00,13
2019-06-16,17:00 - 18:00,9
2019-06-16,18:00 - 19:00,12
2019-06-16,19:00 - 20:00,12
2019-06-16,20:00 - 21:00,9
2019-06-16,21:00 - 22:00,4
2019-06-16,22:00 - 23:00,7
2019-06-17,23:00 - 0:00,15
2019-06-17,0:00 - 1:00,10
2019-06-17,1:00 - 2:00,18
2019-06-17,2:00 - 3:00,20
2019-06-17,3:00 - 4:00,18
2019-06-17,4:00 - 5:00,11
2019-06-17,5:00 - 6:00,8
2019-06-17,6:00 - 7:00,9
2019-06-17,7:00 - 8:00,9
2019-06-17,8:00 - 9:00,9
2019-06-17,9:00 - 10:00,8
2019-06-17,10:00 - 11:00,13
2019-06-17,11:00 - 12:00,16
2019-06-17,12:00 - 13:00,16
2019-06-17,13:00 - 14:00,10
2019-06-17,14:00 - 15:00,8
2019-06-17,15:00 - 16:00,13
2019-06-17,16:00 - 17:00,12
2019-06-17,17:00 - 18:00,17
2019-06-17,18:00 - 19:00,11
2019-06-17,19:00 - 20:00,11
2019-06-17,20:00 - 21:00,8
2019-06-17,21:00 - 22:00,2
2019-06-17,22:00 - 23:00,3
2019-06-18,23:00 - 0:00,10
2019-06-18,0:00 - 1:00,8
2019-06-18,1:00 - 2:00,5
2019-06-18,2:00 - 3:00,9
2019-06-18,3:00 - 4:00,8
2019-06-18,4:00 - 5:00,8
2019-06-18,5:00 - 6:00,9
2019-06-18,6:00 - 7:00,10
2019-06-18,7:00 - 8:00,9
2019-06-18,8:00 - 9:00,10
2019-06-18,9:00 - 10:00,16
2019-06-18,10:00 - 11:00,13
2019-06-18,11:00 - 12:00,11
2019-06-18,12:00 - 13:00,8
2019-06-18,13:00 - 14:00,8
2019-06-18,14:00 - 15:00,13
2019-06-18,15:00 - 16:00,10
2019-06-18,16:00 - 17:00,15
2019-06-18,17:00 - 18:00,11
2019-06-18,18:00 - 19:00,11
2019-06-18,19:00 - 20:00,15
2019-06-18,20:00 - 21:00,18
2019-06-18,21:00 - 22:00,18
2019-06-18,22:00 - 23:00,22
2019-06-19,23:00 - 0:00,23
2019-06-19,0:00 - 1:00,28
2019-06-19,1:00 - 2:00,27
2019-06-19,2:00 - 3:00,20
2019-06-19,3:00 - 4:00,22
2019-06-19,4:00 - 5:00,25
2019-06-19,5:00 - 6:00,14
2019-06-19,6:00 - 7:00,19
2019-06-19,7:00 - 8:00,18
2019-06-19,8:00 - 9:00,13
2019-06-19,9:00 - 10:00,18
2019-06-19,10:00 - 11:00,6
2019-06-19,11:00 - 12:00,11
2019-06-19,12:00 - 13:00,14
2019-06-19,13:00 - 14:00,10
2019-06-19,14:00 - 15:00,12
2019-06-19,15:00 - 16:00,8
2019-06-19,16:00 - 17:00,8
2019-06-19,17:00 - 18:00,16
2019-06-19,18:00 - 19:00,15
2019-06-19,19:00 - 20:00,11
2019-06-19,20:00 - 21:00,7
2019-06-19,21:00 - 22:00,6
2019-06-19,22:00 - 23:00,10
2019-06-20,23:00 - 0:00,13
2019-06-20,0:00 - 1:00,10
2019-06-20,1:00 - 2:00,14
2019-06-20,2:00 - 3:00,18
2019-06-20,3:00 - 4:00,8
2019-06-20,4:00 - 5:00,6
2019-06-20,5:00 - 6:00,7
2019-06-20,6:00 - 7:00,7
2019-06-20,7:00 - 8:00,11
2019-06-20,8:00 - 9:00,17
2019-06-20,9:00 - 10:00,17
2019-06-20,10:00 - 11:00,13
2019-06-20,11:00 - 12:00,9
2019-06-20,12:00 - 13:00,6
2019-06-20,13:00 - 14:00,10
2019-06-20,14:00 - 15:00,11
2019-06-20,15:00 - 16:00,7
2019-06-20,16:00 - 17:00,8
2019-06-20,17:00 - 18:00,4
2019-06-20,18:00 - 19:00,5
2019-06-20,19:00 - 20:00,5
2019-06-20,20:00 - 21:00,7
2019-06-20,21:00 - 22:00,6
2019-06-20,22:00 - 23:00,6
2019-06-21,23:00 - 0:00,10
2019-06-21,0:00 - 1:00,10
2019-06-21,1:00 - 2:00,15
2019-06-21,2:00 - 3:00,11
2019-06-21,3:00 - 4:00,8
2019-06-21,4:00 - 5:00,12
2019-06-21,5:00 - 6:00,0
2019-06-21,6:00 - 7:00,14
2019-06-21,7:00 - 8:00,16
2019-06-21,8:00 - 9:00,18
2019-06-21,9:00 - 10:00,14
2019-06-21,10:00 - 11:00,17
2019-06-21,11:00 - 12:00,23
2019-06-21,12:00 - 13:00,18
2019-06-21,13:00 - 14:00,15
2019-06-21,14:00 - 15:00,14
2019-06-21,15:00 - 16:00,15
2019-06-21,16:00 - 17:00,16
2019-06-21,17:00 - 18:00,13
2019-06-21,18:00 - 19:00,12
2019-06-21,19:00 - 20:00,16
2019-06-21,20:00 - 21:00,21
2019-06-21,21:00 - 22:00,19
2019-06-21,22:00 - 23:00,9
2019-06-22,23:00 - 0:00,12
2019-06-22,0:00 - 1:00,10
2019-06-22,1:00 - 2:00,7
2019-06-22,2:00 - 3:00,9
2019-06-22,3:00 - 4:00,10
2019-06-22,4:00 - 5:00,14
2019-06-22,5:00 - 6:00,10
2019-06-22,6:00 - 7:00,11
2019-06-22,7:00 - 8:00,15
2019-06-22,8:00 - 9:00,19
2019-06-22,9:00 - 10:00,21
2019-06-22,10:00 - 11:00,30
2019-06-22,11:00 - 12:00,23
2019-06-22,12:00 - 13:00,24
2019-06-22,13:00 - 14:00,22
2019-06-22,14:00 - 15:00,17
2019-06-22,15:00 - 16:00,16
2019-06-22,16:00 - 17:00,19
2019-06-22,17:00 - 18:00,15
2019-06-22,18:00 - 19:00,10
2019-06-22,19:00 - 20:00,8
2019-06-22,20:00 - 21:00,8
2019-06-22,21:00 - 22:00,11
2019-06-22,22:00 - 23:00,13
2019-06-23,23:00 - 0:00,17
2019-06-23,0:00 - 1:00,14
2019-06-23,1:00 - 2:00,9
2019-06-23,2:00 - 3:00,12
2019-06-23,3:00 - 4:00,19
2019-06-23,4:00 - 5:00,18
2019-06-23,5:00 - 6:00,19
2019-06-23,6:00 - 7:00,12
2019-06-23,7:00 - 8:00,21
2019-06-23,8:00 - 9:00,22
2019-06-23,9:00 - 10:00,17
2019-06-23,10:00 - 11:00,21
2019-06-23,11:00 - 12:00,19
2019-06-23,12:00 - 13:00,16
2019-06-23,13:00 - 14:00,20
2019-06-23,14:00 - 15:00,23
2019-06-23,15:00 - 16:00,18
2019-06-23,16:00 - 17:00,25
2019-06-23,17:00 - 18:00,21
2019-06-23,18:00 - 19:00,20
2019-06-23,19:00 - 20:00,12
2019-06-23,20:00 - 21:00,16
2019-06-23,21:00 - 22:00,15
2019-06-23,22:00 - 23:00,9
2019-06-24,23:00 - 0:00,12
2019-06-24,0:00 - 1:00,10
2019-06-24,1:00 - 2:00,15
2019-06-24,2:00 - 3:00,13
2019-06-24,3:00 - 4:00,14
2019-06-24,4:00 - 5:00,15
2019-06-24,5:00 - 6:00,18
2019-06-24,6:00 - 7:00,16
2019-06-24,7:00 - 8:00,25
2019-06-24,8:00 - 9:00,17
2019-06-24,9:00 - 10:00,15
2019-06-24,10:00 - 11:00,21
2019-06-24,11:00 - 12:00,22
2019-06-24,12:00 - 13:00,17
2019-06-24,13:00 - 14:00,19
2019-06-24,14:00 - 15:00,19
2019-06-24,15:00 - 16:00,18
2019-06-24,16:00 - 17:00,20
2019-06-24,17:00 - 18:00,20
2019-06-24,18:00 - 19:00,22
2019-06-24,19:00 - 20:00,19
2019-06-24,20:00 - 21:00,22
2019-06-24,21:00 - 22:00,20
2019-06-24,22:00 - 23:00,24
2019-06-25,23:00 - 0:00,24
2019-06-25,0:00 - 1:00,15
2019-06-25,1:00 - 2:00,12
2019-06-25,2:00 - 3:00,16
2019-06-25,3:00 - 4:00,16
2019-06-25,4:00 - 5:00,18
2019-06-25,5:00 - 6:00,16
2019-06-25,6:00 - 7:00,25
2019-06-25,7:00 - 8:00,23
2019-06-25,8:00 - 9:00,22
2019-06-25,9:00 - 10:00,22
2019-06-25,10:00 - 11:00,16
2019-06-25,11:00 - 12:00,15
2019-06-25,12:00 - 13:00,22
2019-06-25,13:00 - 14:00,14
2019-06-25,14:00 - 15:00,22
2019-06-25,15:00 - 16:00,17
2019-06-25,16:00 - 17:00,15
2019-06-25,17:00 - 18:00,14
2019-06-25,18:00 - 19:00,10
2019-06-25,19:00 - 20:00,15
2019-06-25,20:00 - 21:00,16
2019-06-25,21:00 - 22:00,14
2019-06-25,22:00 - 23:00,24
2019-06-26,23:00 - 0:00,4
2019-06-26,0:00 - 1:00,6
2019-06-26,1:00 - 2:00,10
2019-06-26,2:00 - 3:00,11
2019-06-26,3:00 - 4:00,16
2019-06-26,4:00 - 5:00,11
2019-06-26,5:00 - 6:00,11
2019-06-26,6:00 - 7:00,15
2019-06-26,7:00 - 8:00,13
2019-06-26,8:00 - 9:00,17
2019-06-26,9:00 - 10:00,22
2019-06-26,10:00 - 11:00,21
2019-06-26,11:00 - 12:00,15
2019-06-26,12:00 - 13:00,11
2019-06-26,13:00 - 14:00,8
2019-06-26,14:00 - 15:00,10
2019-06-26,15:00 - 16:00,14
2019-06-26,16:00 - 17:00,10
2019-06-26,17:00 - 18:00,12
2019-06-26,18:00 - 19:00,7
2019-06-26,19:00 - 20:00,5
2019-06-26,20:00 - 21:00,6
2019-06-26,21:00 - 22:00,12
2019-06-26,22:00 - 23:00,12
2019-06-27,23:00 - 0:00,9
2019-06-27,0:00 - 1:00,11
2019-06-27,1:00 - 2:00,11
2019-06-27,2:00 - 3:00,8
2019-06-27,3:00 - 4:00,10
2019-06-27,4:00 - 5:00,11
2019-06-27,5:00 - 6:00,14
2019-06-27,6:00 - 7:00,14
2019-06-27,7:00 - 8:00,15
2019-06-27,8:00 - 9:00,25
2019-06-27,9:00 - 10:00,16
2019-06-27,10:00 - 11:00,9
2019-06-27,11:00 - 12:00,17
2019-06-27,12:00 - 13:00,18
2019-06-27,13:00 - 14:00,19
2019-06-27,14:00 - 15:00,10
2019-06-27,15:00 - 16:00,12
2019-06-27,16:00 - 17:00,8
2019-06-27,17:00 - 18:00,8
2019-06-27,18:00 - 19:00,7
2019-06-27,19:00 - 20:00,8
2019-06-27,20:00 - 21:00,15
2019-06-27,21:00 - 22:00,11
2019-06-27,22:00 - 23:00,14
2019-06-28,23:00 - 0:00,13
2019-06-28,0:00 - 1:00,10
2019-06-28,1:00 - 2:00,10
2019-06-28,2:00 - 3:00,9
2019-06-28,3:00 - 4:00,12
2019-06-28,4:00 - 5:00,11
2019-06-28,5:00 - 6:00,14
2019-06-28,6:00 - 7:00,16
2019-06-28,7:00 - 8:00,14
2019-06-28,8:00 - 9:00,22
2019-06-28,9:00 - 10:00,20
2019-06-28,10:00 - 11:00,14
2019-06-28,11:00 - 12:00,10
2019-06-28,12:00 - 13:00,6
2019-06-28,13:00 - 14:00,10
2019-06-28,14:00 - 15:00,8
2019-06-28,15:00 - 16:00,10
2019-06-28,16:00 - 17:00,10
2019-06-28,17:00 - 18:00,6
2019-06-28,18:00 - 19:00,7
2019-06-28,19:00 - 20:00,9
2019-06-28,20:00 - 21:00,13
2019-06-28,21:00 - 22:00,11
2019-06-28,22:00 - 23:00,8
2019-06-29,23:00 - 0:00,9
2019-06-29,0:00 - 1:00,6
2019-06-29,1:00 - 2:00,6
2019-06-29,2:00 - 3:00,8
2019-06-29,3:00 - 4:00,8
2019-06-29,4:00 - 5:00,10
2019-06-29,5:00 - 6:00,8
2019-06-29,6:00 - 7:00,8
2019-06-29,7:00 - 8:00,9
2019-06-29,8:00 - 9:00,8
2019-06-29,9:00 - 10:00,10
2019-06-29,10:00 - 11:00,10
2019-06-29,11:00 - 12:00,7
2019-06-29,12:00 - 13:00,6
2019-06-29,13:00 - 14:00,7
2019-06-29,14:00 - 15:00,9
2019-06-29,15:00 - 16:00,5
2019-06-29,16:00 - 17:00,2
2019-06-29,17:00 - 18:00,0
2019-06-29,18:00 - 19:00,-1
2019-06-29,19:00 - 20:00,2
2019-06-29,20:00 - 21:00,4
2019-06-29,21:00 - 22:00,7
2019-06-29,22:00 - 23:00,5
2019-06-30,23:00 - 0:00,4
2019-06-30,0:00 - 1:00,7
2019-06-30,1:00 - 2:00,7
2019-06-30,2:00 - 3:00,5
2019-06-30,3:00 - 4:00,11
2019-06-30,4:00 - 5:00,10
2019-06-30,5:00 - 6:00,11
2019-06-30,6:00 - 7:00,11
2019-06-30,7:00 - 8:00,9
2019-06-30,8:00 - 9:00,8
2019-06-30,9:00 - 10:00,9
2019-06-30,10:00 - 11:00,11
2019-06-30,11:00 - 12:00,14
2019-06-30,12:00 - 13:00,9
2019-06-30,13:00 - 14:00,6
2019-06-30,14:00 - 15:00,4
2019-06-30,15:00 - 16:00,5
2019-06-30,16:00 - 17:00,5
2019-06-30,17:00 - 18:00,5
2019-06-30,18:00 - 19:00,5
2019-06-30,19:00 - 20:00,9
2019-06-30,20:00 - 21:00,7
2019-06-30,21:00 - 22:00,7
2019-06-30,22:00 - 23:00,12
2019-07-01,23:00 - 0:00,9
2019-07-01,0:00 - 1:00,6
2019-07-01,16:00 - 17:00,2
2019-07-01,17:00 - 18:00,3
2019-07-01,18:00 - 19:00,6
2019-07-01,19:00 - 20:00,8
2019-07-01,20:00 - 21:00,8
2019-07-01,21:00 - 22:00,8
2019-07-01,22:00 - 23:00,11
2019-07-01,23:00 - 0:00,9
2019-07-01,0:00 - 1:00,6
2019-07-01,16:00 - 17:00,2
2019-07-01,17:00 - 18:00,3
2019-07-01,18:00 - 19:00,6
2019-07-01,19:00 - 20:00,8
2019-07-01,20:00 - 21:00,8
2019-07-01,21:00 - 22:00,8
2019-07-01,22:00 - 23:00,11
2019-07-02,23:00 - 0:00,22
2019-07-02,0:00 - 1:00,22
2019-07-02,1:00 - 2:00,12
2019-07-02,2:00 - 3:00,10
2019-07-02,3:00 - 4:00,12
2019-07-02,4:00 - 5:00,9
2019-07-02,5:00 - 6:00,7
2019-07-02,6:00 - 7:00,5
2019-07-02,7:00 - 8:00,3
2019-07-02,8:00 - 9:00,6
2019-07-02,9:00 - 10:00,6
2019-07-02,10:00 - 11:00,7
2019-07-02,11:00 - 12:00,8
2019-07-02,12:00 - 13:00,11
2019-07-02,13:00 - 14:00,8
2019-07-02,14:00 - 15:00,11
2019-07-02,15:00 - 16:00,7
2019-07-02,16:00 - 17:00,7
2019-07-02,17:00 - 18:00,9
2019-07-02,18:00 - 19:00,7
2019-07-02,19:00 - 20:00,5
2019-07-02,20:00 - 21:00,12
2019-07-02,21:00 - 22:00,11
2019-07-02,22:00 - 23:00,9
2019-07-03,23:00 - 0:00,11
2019-07-03,0:00 - 1:00,15
2019-07-03,1:00 - 2:00,11
2019-07-03,2:00 - 3:00,7
2019-07-03,3:00 - 4:00,6
2019-07-03,4:00 - 5:00,9
2019-07-03,5:00 - 6:00,5
2019-07-03,6:00 - 7:00,2
2019-07-03,7:00 - 8:00,7
2019-07-03,8:00 - 9:00,5
2019-07-03,9:00 - 10:00,8
2019-07-03,10:00 - 11:00,8
2019-07-03,11:00 - 12:00,12
2019-07-03,12:00 - 13:00,8
2019-07-03,13:00 - 14:00,5
2019-07-03,14:00 - 15:00,8
2019-07-03,15:00 - 16:00,11
2019-07-03,16:00 - 17:00,7
2019-07-03,17:00 - 18:00,4
2019-07-03,18:00 - 19:00,6
2019-07-03,19:00 - 20:00,11
2019-07-03,20:00 - 21:00,15
2019-07-03,21:00 - 22:00,10
2019-07-03,22:00 - 23:00,6
2019-07-04,23:00 - 0:00,13
2019-07-04,0:00 - 1:00,10
2019-07-04,1:00 - 2:00,9
2019-07-04,2:00 - 3:00,7
2019-07-04,3:00 - 4:00,8
2019-07-04,4:00 - 5:00,10
2019-07-04,5:00 - 6:00,7
2019-07-04,6:00 - 7:00,5
2019-07-04,7:00 - 8:00,6
2019-07-04,8:00 - 9:00,8
2019-07-04,9:00 - 10:00,5
2019-07-04,10:00 - 11:00,5
2019-07-04,11:00 - 12:00,7
2019-07-04,12:00 - 13:00,8
2019-07-04,13:00 - 14:00,12
2019-07-04,14:00 - 15:00,10
2019-07-04,15:00 - 16:00,8
2019-07-04,16:00 - 17:00,7
2019-07-04,17:00 - 18:00,6
2019-07-04,18:00 - 19:00,3
2019-07-04,19:00 - 20:00,5
2019-07-04,20:00 - 21:00,9
2019-07-04,21:00 - 22:00,10
2019-07-04,22:00 - 23:00,10
2019-07-05,23:00 - 0:00,14
2019-07-05,0:00 - 1:00,25
2019-07-05,1:00 - 2:00,14
2019-07-05,2:00 - 3:00,12
2019-07-05,3:00 - 4:00,13
2019-07-05,4:00 - 5:00,9
2019-07-05,5:00 - 6:00,10
2019-07-05,6:00 - 7:00,10
2019-07-05,7:00 - 8:00,19
2019-07-05,8:00 - 9:00,10
2019-07-05,9:00 - 10:00,9
2019-07-05,10:00 - 11:00,10
2019-07-05,11:00 - 12:00,6
2019-07-05,12:00 - 13:00,3
2019-07-05,13:00 - 14:00,8
2019-07-05,14:00 - 15:00,3
2019-07-05,15:00 - 16:00,2
2019-07-05,16:00 - 17:00,4
2019-07-05,17:00 - 18:00,7
2019-07-05,18:00 - 19:00,0
2019-07-05,19:00 - 20:00,2
2019-07-05,20:00 - 21:00,5
2019-07-05,21:00 - 22:00,5
2019-07-05,22:00 - 23:00,3
2019-07-06,23:00 - 0:00,4
2019-07-06,0:00 - 1:00,15
2019-07-06,1:00 - 2:00,17
2019-07-06,2:00 - 3:00,1
2019-07-06,3:00 - 4:00,6
2019-07-06,4:00 - 5:00,11
2019-07-06,5:00 - 6:00,15
2019-07-06,6:00 - 7:00,12
2019-07-06,7:00 - 8:00,13
2019-07-06,8:00 - 9:00,11
2019-07-06,9:00 - 10:00,10
2019-07-06,10:00 - 11:00,11
2019-07-06,11:00 - 12:00,12
2019-07-06,12:00 - 13:00,16
2019-07-06,13:00 - 14:00,15
2019-07-06,14:00 - 15:00,12
2019-07-06,15:00 - 16:00,13
2019-07-06,16:00 - 17:00,15
2019-07-06,17:00 - 18:00,18
2019-07-06,18:00 - 19:00,20
2019-07-06,19:00 - 20:00,19
2019-07-06,20:00 - 21:00,17
2019-07-06,21:00 - 22:00,19
2019-07-06,22:00 - 23:00,18
2019-07-07,23:00 - 0:00,20
2019-07-07,0:00 - 1:00,21
2019-07-07,1:00 - 2:00,29
2019-07-07,2:00 - 3:00,20
2019-07-07,3:00 - 4:00,25
2019-07-07,4:00 - 5:00,11
2019-07-07,5:00 - 6:00,7
2019-07-07,6:00 - 7:00,9
2019-07-07,7:00 - 8:00,9
2019-07-07,8:00 - 9:00,11
2019-07-07,9:00 - 10:00,10
2019-07-07,10:00 - 11:00,11
2019-07-07,11:00 - 12:00,12
2019-07-07,12:00 - 13:00,9
2019-07-07,13:00 - 14:00,16
2019-07-07,14:00 - 15:00,12
2019-07-07,15:00 - 16:00,6
2019-07-07,16:00 - 17:00,7
2019-07-07,17:00 - 18:00,11
2019-07-07,18:00 - 19:00,8
2019-07-07,19:00 - 20:00,11
2019-07-07,20:00 - 21:00,9
2019-07-07,21:00 - 22:00,9
2019-07-07,22:00 - 23:00,15
2019-07-08,23:00 - 0:00,18
2019-07-08,0:00 - 1:00,12
2019-07-08,1:00 - 2:00,22
2019-07-08,2:00 - 3:00,15
2019-07-08,3:00 - 4:00,15
2019-07-08,4:00 - 5:00,9
2019-07-08,5:00 - 6:00,10
2019-07-08,6:00 - 7:00,14
2019-07-08,7:00 - 8:00,9
2019-07-08,8:00 - 9:00,4
2019-07-08,9:00 - 10:00,5
2019-07-08,10:00 - 11:00,6
2019-07-08,11:00 - 12:00,10
2019-07-08,12:00 - 13:00,8
2019-07-08,13:00 - 14:00,9
2019-07-08,14:00 - 15:00,12
2019-07-08,15:00 - 16:00,10
2019-07-08,16:00 - 17:00,11
2019-07-08,17:00 - 18:00,7
2019-07-08,18:00 - 19:00,5
2019-07-08,19:00 - 20:00,11
2019-07-08,20:00 - 21:00,11
2019-07-08,21:00 - 22:00,13
2019-07-08,22:00 - 23:00,30
2019-07-09,23:00 - 0:00,21
2019-07-09,0:00 - 1:00,21
2019-07-09,1:00 - 2:00,22
2019-07-09,2:00 - 3:00,29
2019-07-09,3:00 - 4:00,24
2019-07-09,4:00 - 5:00,24
2019-07-09,5:00 - 6:00,12
2019-07-09,6:00 - 7:00,13
2019-07-09,7:00 - 8:00,11
2019-07-09,8:00 - 9:00,12
2019-07-09,9:00 - 10:00,11
2019-07-09,10:00 - 11:00,19
2019-07-09,11:00 - 12:00,13
2019-07-09,12:00 - 13:00,11
2019-07-09,13:00 - 14:00,14
2019-07-09,14:00 - 15:00,10
2019-07-09,15:00 - 16:00,11
2019-07-09,16:00 - 17:00,6
2019-07-09,17:00 - 18:00,8
2019-07-09,18:00 - 19:00,12
2019-07-09,19:00 - 20:00,11
2019-07-09,20:00 - 21:00,12
2019-07-09,21:00 - 22:00,11
2019-07-09,22:00 - 23:00,14
2019-07-10,23:00 - 0:00,21
2019-07-10,0:00 - 1:00,36
2019-07-10,1:00 - 2:00,26
2019-07-10,2:00 - 3:00,21
2019-07-10,3:00 - 4:00,10
2019-07-10,4:00 - 5:00,17
2019-07-10,5:00 - 6:00,13
2019-07-10,6:00 - 7:00,10
2019-07-10,7:00 - 8:00,10
2019-07-10,8:00 - 9:00,7
2019-07-10,9:00 - 10:00,9
2019-07-10,10:00 - 11:00,8
2019-07-10,11:00 - 12:00,11
2019-07-10,12:00 - 13:00,17
2019-07-10,13:00 - 14:00,12
2019-07-10,14:00 - 15:00,12
2019-07-10,15:00 - 16:00,15
2019-07-10,16:00 - 17:00,6
2019-07-10,17:00 - 18:00,9
2019-07-10,18:00 - 19:00,11
2019-07-10,19:00 - 20:00,6
2019-07-10,20:00 - 21:00,9
2019-07-10,21:00 - 22:00,7
2019-07-10,22:00 - 23:00,7
2019-07-11,23:00 - 0:00,16
2019-07-11,0:00 - 1:00,58
2019-07-11,14:00 - 15:00,5
2019-07-11,15:00 - 16:00,25
2019-07-11,16:00 - 17:00,21
2019-07-11,17:00 - 18:00,16
2019-07-11,18:00 - 19:00,10
2019-07-11,19:00 - 20:00,11
2019-07-11,20:00 - 21:00,15
2019-07-11,21:00 - 22:00,19
2019-07-11,22:00 - 23:00,11
2019-07-12,23:00 - 0:00,13
2019-07-12,0:00 - 1:00,11
2019-07-12,1:00 - 2:00,12
2019-07-12,2:00 - 3:00,12
2019-07-12,3:00 - 4:00,12
2019-07-12,4:00 - 5:00,10
2019-07-12,5:00 - 6:00,9
2019-07-12,6:00 - 7:00,6
2019-07-12,7:00 - 8:00,15
2019-07-12,8:00 - 9:00,19
2019-07-12,9:00 - 10:00,18
2019-07-12,10:00 - 11:00,7
2019-07-12,11:00 - 12:00,8
2019-07-12,12:00 - 13:00,7
2019-07-12,13:00 - 14:00,7
2019-07-12,14:00 - 15:00,8
2019-07-12,15:00 - 16:00,10
2019-07-12,16:00 - 17:00,13
2019-07-12,17:00 - 18:00,19
2019-07-12,18:00 - 19:00,15
2019-07-12,19:00 - 20:00,16
2019-07-12,20:00 - 21:00,7
2019-07-12,21:00 - 22:00,18
2019-07-12,22:00 - 23:00,19
2019-07-13,23:00 - 0:00,16
2019-07-13,0:00 - 1:00,13
2019-07-13,1:00 - 2:00,16
2019-07-13,2:00 - 3:00,12
2019-07-13,3:00 - 4:00,9
2019-07-13,4:00 - 5:00,10
2019-07-13,5:00 - 6:00,10
2019-07-13,6:00 - 7:00,8
2019-07-13,7:00 - 8:00,10
2019-07-13,8:00 - 9:00,14
2019-07-13,9:00 - 10:00,13
2019-07-13,10:00 - 11:00,23
2019-07-13,11:00 - 12:00,19
2019-07-13,12:00 - 13:00,16
2019-07-13,13:00 - 14:00,17
2019-07-13,14:00 - 15:00,16
2019-07-13,15:00 - 16:00,10
2019-07-13,16:00 - 17:00,14
2019-07-13,17:00 - 18:00,14
2019-07-13,18:00 - 19:00,14
2019-07-13,19:00 - 20:00,13
2019-07-13,20:00 - 21:00,14
2019-07-13,21:00 - 22:00,12
2019-07-13,22:00 - 23:00,13
2019-07-14,23:00 - 0:00,15
2019-07-14,0:00 - 1:00,14
2019-07-14,1:00 - 2:00,10
2019-07-14,2:00 - 3:00,9
2019-07-14,3:00 - 4:00,10
2019-07-14,4:00 - 5:00,10
2019-07-14,5:00 - 6:00,10
2019-07-14,6:00 - 7:00,8
2019-07-14,7:00 - 8:00,8
2019-07-14,8:00 - 9:00,8
2019-07-14,9:00 - 10:00,6
2019-07-14,10:00 - 11:00,8
2019-07-14,11:00 - 12:00,9
2019-07-14,12:00 - 13:00,15
2019-07-14,13:00 - 14:00,12
2019-07-14,14:00 - 15:00,10
2019-07-14,15:00 - 16:00,10
2019-07-14,16:00 - 17:00,9
2019-07-14,17:00 - 18:00,14
2019-07-14,18:00 - 19:00,11
2019-07-14,19:00 - 20:00,7
2019-07-14,20:00 - 21:00,6
2019-07-14,21:00 - 22:00,8
2019-07-14,22:00 - 23:00,12
2019-07-15,23:00 - 0:00,9
2019-07-15,0:00 - 1:00,5
2019-07-15,1:00 - 2:00,4
2019-07-15,2:00 - 3:00,5
2019-07-15,3:00 - 4:00,6
2019-07-15,4:00 - 5:00,5
2019-07-15,5:00 - 6:00,5
2019-07-15,6:00 - 7:00,5
2019-07-15,7:00 - 8:00,9
2019-07-15,8:00 - 9:00,10
2019-07-15,9:00 - 10:00,9
2019-07-15,10:00 - 11:00,11
2019-07-15,11:00 - 12:00,16
2019-07-15,12:00 - 13:00,9
2019-07-15,13:00 - 14:00,10
2019-07-15,14:00 - 15:00,12
2019-07-15,15:00 - 16:00,11
2019-07-15,16:00 - 17:00,6
2019-07-15,17:00 - 18:00,1
2019-07-15,18:00 - 19:00,2
2019-07-15,19:00 - 20:00,4
2019-07-15,20:00 - 21:00,7
2019-07-15,21:00 - 22:00,7
2019-07-15,22:00 - 23:00,7
2019-07-16,23:00 - 0:00,6
2019-07-16,0:00 - 1:00,9
2019-07-16,1:00 - 2:00,8
2019-07-16,2:00 - 3:00,5
2019-07-16,3:00 - 4:00,4
2019-07-16,4:00 - 5:00,6
2019-07-16,5:00 - 6:00,13
2019-07-16,6:00 - 7:00,8
2019-07-16,7:00 - 8:00,10
2019-07-16,8:00 - 9:00,13
2019-07-16,9:00 - 10:00,13
2019-07-16,10:00 - 11:00,15
2019-07-16,11:00 - 12:00,14
2019-07-16,12:00 - 13:00,18
2019-07-16,13:00 - 14:00,15
2019-07-16,14:00 - 15:00,13
2019-07-16,15:00 - 16:00,13
2019-07-16,16:00 - 17:00,8
2019-07-16,17:00 - 18:00,12
2019-07-16,18:00 - 19:00,11
2019-07-16,19:00 - 20:00,9
2019-07-16,20:00 - 21:00,9
2019-07-16,21:00 - 22:00,11
2019-07-16,22:00 - 23:00,9
2019-07-17,23:00 - 0:00,8
2019-07-17,0:00 - 1:00,7
2019-07-17,1:00 - 2:00,8
2019-07-17,2:00 - 3:00,5
2019-07-17,3:00 - 4:00,8
2019-07-17,4:00 - 5:00,10
2019-07-17,5:00 - 6:00,11
2019-07-17,6:00 - 7:00,10
2019-07-17,7:00 - 8:00,12
2019-07-17,8:00 - 9:00,12
2019-07-17,9:00 - 10:00,18
2019-07-17,10:00 - 11:00,11
2019-07-17,11:00 - 12:00,10
2019-07-17,12:00 - 13:00,9
2019-07-17,13:00 - 14:00,10
2019-07-17,14:00 - 15:00,8
2019-07-17,15:00 - 16:00,6
2019-07-17,16:00 - 17:00,6
2019-07-17,17:00 - 18:00,11
2019-07-17,18:00 - 19:00,8
2019-07-17,19:00 - 20:00,8
2019-07-17,20:00 - 21:00,10
2019-07-17,21:00 - 22:00,18
2019-07-17,22:00 - 23:00,6
2019-07-18,23:00 - 0:00,8
2019-07-18,0:00 - 1:00,9
2019-07-18,1:00 - 2:00,8
2019-07-18,2:00 - 3:00,8
2019-07-18,3:00 - 4:00,10
2019-07-18,4:00 - 5:00,10
2019-07-18,5:00 - 6:00,13
2019-07-18,6:00 - 7:00,13
2019-07-18,7:00 - 8:00,14
2019-07-18,8:00 - 9:00,19
2019-07-18,9:00 - 10:00,21
2019-07-18,10:00 - 11:00,20
2019-07-18,11:00 - 12:00,26
2019-07-18,12:00 - 13:00,14
2019-07-18,13:00 - 14:00,15
2019-07-18,14:00 - 15:00,17
2019-07-18,15:00 - 16:00,9
2019-07-18,16:00 - 17:00,15
2019-07-18,17:00 - 18:00,10
2019-07-18,18:00 - 19:00,6
2019-07-18,19:00 - 20:00,6
2019-07-18,20:00 - 21:00,7
2019-07-18,21:00 - 22:00,7
2019-07-18,22:00 - 23:00,8
2019-07-19,23:00 - 0:00,7
2019-07-19,0:00 - 1:00,9
2019-07-19,1:00 - 2:00,10
2019-07-19,2:00 - 3:00,8
2019-07-19,3:00 - 4:00,5
2019-07-19,4:00 - 5:00,5
2019-07-19,5:00 - 6:00,10
2019-07-19,6:00 - 7:00,11
2019-07-19,7:00 - 8:00,12
2019-07-19,8:00 - 9:00,14
2019-07-19,9:00 - 10:00,15
2019-07-19,10:00 - 11:00,12
2019-07-19,11:00 - 12:00,18
2019-07-19,12:00 - 13:00,13
2019-07-19,13:00 - 14:00,14
2019-07-19,14:00 - 15:00,12
2019-07-19,15:00 - 16:00,7
2019-07-19,16:00 - 17:00,5
2019-07-19,17:00 - 18:00,6
2019-07-19,18:00 - 19:00,13
2019-07-19,19:00 - 20:00,11
2019-07-19,20:00 - 21:00,9
2019-07-19,21:00 - 22:00,8
2019-07-19,22:00 - 23:00,7
2019-07-20,23:00 - 0:00,9
2019-07-20,0:00 - 1:00,13
2019-07-20,1:00 - 2:00,12
2019-07-20,2:00 - 3:00,10
2019-07-20,3:00 - 4:00,13
2019-07-20,4:00 - 5:00,11
2019-07-20,5:00 - 6:00,14
2019-07-20,6:00 - 7:00,15
2019-07-20,7:00 - 8:00,18
2019-07-20,8:00 - 9:00,12
2019-07-20,9:00 - 10:00,19
2019-07-20,10:00 - 11:00,20
2019-07-20,11:00 - 12:00,23
2019-07-20,12:00 - 13:00,17
2019-07-20,13:00 - 14:00,19
2019-07-20,14:00 - 15:00,18
2019-07-20,15:00 - 16:00,20
2019-07-20,16:00 - 17:00,11
2019-07-20,17:00 - 18:00,16
2019-07-20,18:00 - 19:00,14
2019-07-20,19:00 - 20:00,15
2019-07-20,20:00 - 21:00,5
2019-07-20,21:00 - 22:00,7
2019-07-20,22:00 - 23:00,15
2019-07-21,23:00 - 0:00,9
2019-07-21,0:00 - 1:00,4
2019-07-21,1:00 - 2:00,4
2019-07-21,2:00 - 3:00,3
2019-07-21,3:00 - 4:00,6
2019-07-21,4:00 - 5:00,4
2019-07-21,5:00 - 6:00,1
2019-07-21,6:00 - 7:00,2
2019-07-21,7:00 - 8:00,3
2019-07-21,8:00 - 9:00,10
2019-07-21,9:00 - 10:00,7
2019-07-21,10:00 - 11:00,11
2019-07-21,11:00 - 12:00,21
2019-07-21,12:00 - 13:00,17
2019-07-21,13:00 - 14:00,15
2019-07-21,14:00 - 15:00,14
2019-07-21,15:00 - 16:00,17
2019-07-21,16:00 - 17:00,16
2019-07-21,17:00 - 18:00,19
2019-07-21,18:00 - 19:00,14
2019-07-21,19:00 - 20:00,9
2019-07-21,20:00 - 21:00,9
2019-07-21,21:00 - 22:00,11
2019-07-21,22:00 - 23:00,11
2019-07-22,23:00 - 0:00,18
2019-07-22,0:00 - 1:00,18
2019-07-22,1:00 - 2:00,7
2019-07-22,2:00 - 3:00,8
2019-07-22,3:00 - 4:00,8
2019-07-22,4:00 - 5:00,7
2019-07-22,5:00 - 6:00,15
2019-07-22,6:00 - 7:00,10
2019-07-22,7:00 - 8:00,11
2019-07-22,8:00 - 9:00,14
2019-07-22,9:00 - 10:00,10
2019-07-22,10:00 - 11:00,11
2019-07-22,11:00 - 12:00,12
2019-07-22,12:00 - 13:00,11
2019-07-22,13:00 - 14:00,10
2019-07-22,14:00 - 15:00,11
2019-07-22,15:00 - 16:00,8
2019-07-22,16:00 - 17:00,8
2019-07-22,17:00 - 18:00,5
2019-07-22,18:00 - 19:00,5
2019-07-22,19:00 - 20:00,8
2019-07-22,20:00 - 21:00,6
2019-07-22,21:00 - 22:00,5
2019-07-22,22:00 - 23:00,5
2019-07-23,23:00 - 0:00,7
2019-07-23,0:00 - 1:00,3
2019-07-23,1:00 - 2:00,-1
2019-07-23,2:00 - 3:00,2
2019-07-23,3:00 - 4:00,1
2019-07-23,4:00 - 5:00,2
2019-07-23,5:00 - 6:00,0
2019-07-23,6:00 - 7:00,0
2019-07-23,7:00 - 8:00,6
2019-07-23,8:00 - 9:00,10
2019-07-23,9:00 - 10:00,9
2019-07-23,10:00 - 11:00,10
2019-07-23,11:00 - 12:00,10
2019-07-23,12:00 - 13:00,9
2019-07-23,13:00 - 14:00,9
2019-07-23,14:00 - 15:00,10
2019-07-23,15:00 - 16:00,9
2019-07-23,16:00 - 17:00,6
2019-07-23,17:00 - 18:00,7
2019-07-23,18:00 - 19:00,6
2019-07-23,19:00 - 20:00,11
2019-07-23,20:00 - 21:00,11
2019-07-23,21:00 - 22:00,11
2019-07-23,22:00 - 23:00,9
2019-07-24,23:00 - 0:00,6
2019-07-24,0:00 - 1:00,5
2019-07-24,1:00 - 2:00,4
2019-07-24,2:00 - 3:00,7
2019-07-24,3:00 - 4:00,7
2019-07-24,4:00 - 5:00,8
2019-07-24,5:00 - 6:00,5
2019-07-24,6:00 - 7:00,2
2019-07-24,7:00 - 8:00,3
2019-07-24,8:00 - 9:00,10
2019-07-24,9:00 - 10:00,15
2019-07-24,10:00 - 11:00,16
2019-07-24,11:00 - 12:00,10
2019-07-24,12:00 - 13:00,9
2019-07-24,13:00 - 14:00,9
2019-07-24,14:00 - 15:00,10
2019-07-24,15:00 - 16:00,7
2019-07-24,16:00 - 17:00,8
2019-07-24,17:00 - 18:00,10
2019-07-24,18:00 - 19:00,10
2019-07-24,19:00 - 20:00,14
2019-07-24,20:00 - 21:00,9
2019-07-24,21:00 - 22:00,13
2019-07-24,22:00 - 23:00,15
2019-07-25,23:00 - 0:00,13
2019-07-25,0:00 - 1:00,13
2019-07-25,1:00 - 2:00,8
2019-07-25,2:00 - 3:00,6
2019-07-25,3:00 - 4:00,7
2019-07-25,4:00 - 5:00,14
2019-07-25,5:00 - 6:00,13
2019-07-25,6:00 - 7:00,15
2019-07-25,7:00 - 8:00,21
2019-07-25,8:00 - 9:00,24
2019-07-25,9:00 - 10:00,19
2019-07-25,10:00 - 11:00,18
2019-07-25,11:00 - 12:00,13
2019-07-25,12:00 - 13:00,14
2019-07-25,13:00 - 14:00,11
2019-07-25,14:00 - 15:00,15
2019-07-25,15:00 - 16:00,2
2019-07-25,16:00 - 17:00,10
2019-07-25,17:00 - 18:00,10
2019-07-25,18:00 - 19:00,9
2019-07-25,19:00 - 20:00,10
2019-07-25,20:00 - 21:00,12
2019-07-25,21:00 - 22:00,12
2019-07-25,22:00 - 23:00,12
2019-07-26,23:00 - 0:00,9
2019-07-26,0:00 - 1:00,11
2019-07-26,1:00 - 2:00,11
2019-07-26,2:00 - 3:00,71
2019-07-26,3:00 - 4:00,0
2019-07-26,4:00 - 5:00,0
2019-07-26,5:00 - 6:00,0
2019-07-26,6:00 - 7:00,0
2019-07-26,7:00 - 8:00,0
2019-07-26,8:00 - 9:00,0
2019-07-26,9:00 - 10:00,0
2019-07-26,10:00 - 11:00,0
2019-07-26,11:00 - 12:00,0
